client_id,nom,genre,age,ville,email,date_inscription
C0001,Alexandrie Petit,F,53,Oujda,madeleine09@tele2.fr,2023-10-02
C0002,Valentine Didier,F,39,Fès,alixguillou@noos.fr,2023-07-23
C0003,Grégoire-Maurice Peltier,H,48,Meknès,jgaillard@dbmail.com,2024-07-27
C0004,Lucas Gaillard,H,19,Rabat,emiliemaillot@voila.fr,2025-01-16
C0005,Benjamin Le Martinez,H,56,Marrakech,jclement@grenier.net,2024-12-02
C0006,Bernadette Chauvet de Garcia,F,54,Rabat,cordiernathalie@noos.fr,2023-07-28
C0007,Nathalie Peltier-Reynaud,F,40,Meknès,cduval@michel.fr,2024-08-29
C0008,Françoise Lemonnier,F,51,Casablanca,blotfrancoise@orange.fr,2023-07-09
C0009,Georges Alexandre,H,59,Agadir,igarnier@charles.fr,2024-10-29
C0010,Élise Lenoir,F,23,Agadir,isabellevidal@laposte.net,2023-12-30
C0011,Adélaïde du Barbe,F,26,Meknès,pascalvirginie@lebrun.fr,2025-01-08
C0012,Charles Letellier de la Lemaître,H,32,Marrakech,bodinemile@dupuy.com,2024-02-12
C0013,Benoît Alves-Maillard,H,56,Agadir,pruvostthierry@tele2.fr,2024-05-09
C0014,Marc Vasseur,H,25,Tanger,wgarnier@ifrance.com,2025-04-12
C0015,Marcel Marion,H,50,Casablanca,wagneralexandrie@yahoo.fr,2023-09-20
C0016,Sophie Albert,F,47,Casablanca,corinnelacroix@blanchard.com,2023-12-18
C0017,Alphonse-Patrick Roger,H,39,Agadir,kguichard@laposte.net,2023-07-19
C0018,Gilles Benoit,H,19,Fès,spichon@chevalier.fr,2024-03-31
C0019,Édouard Lecoq,H,21,Meknès,charrieranne@lemaire.fr,2024-10-10
C0020,Guillaume Poulain,H,50,Marrakech,prevostceline@moreno.fr,2024-08-17
C0021,Pierre Rousseau du Letellier,H,58,Meknès,marinhelene@allard.net,2025-04-13
C0022,Rémy Nicolas,H,32,Oujda,lopezpatrick@dos.com,2025-04-05
C0023,Isaac Poulain,H,50,Fès,noel42@noos.fr,2023-08-21
C0024,Élisabeth-Hortense Breton,F,41,Tanger,fadam@live.com,2024-12-19
C0025,Paulette Hernandez-Besnard,F,49,Meknès,claire97@live.com,2024-03-13
C0026,Noël-Vincent Vallée,H,31,Fès,claudine68@noos.fr,2025-04-17
C0027,Emmanuel Maury,H,37,Casablanca,meunierjeanne@wanadoo.fr,2025-05-08
C0028,Gilbert Ferrand,H,53,Fès,zoe08@yahoo.fr,2023-12-14
C0029,Zacharie Potier,H,20,Casablanca,briandthibault@delorme.fr,2025-02-16
C0030,Jacques Picard,H,20,Casablanca,fredericboyer@pons.fr,2024-03-24
C0031,Nathalie-Thérèse Lefort,F,20,Fès,parismaurice@wanadoo.fr,2024-04-03
C0032,Adèle Pottier-Merle,F,58,Meknès,philippinegosselin@yahoo.fr,2023-10-08
C0033,Thibaut Pereira,H,50,Marrakech,laurentmasse@club-internet.fr,2023-07-17
C0034,Véronique Vallet,F,31,Meknès,gherve@dbmail.com,2024-12-22
C0035,Émilie Marty,F,28,Rabat,blagarde@orange.fr,2024-08-04
C0036,Jérôme Coste,H,58,Oujda,richardnoemi@hotmail.fr,2023-09-09
C0037,Joséphine-Margot Lenoir,F,43,Oujda,agauthier@ferreira.com,2025-03-19
C0038,Brigitte Pires,F,19,Rabat,bfernandes@tiscali.fr,2024-06-07
C0039,Marc Dumas du Rousset,H,41,Tanger,levyandre@tele2.fr,2025-02-10
C0040,Bernard Maurice,H,31,Fès,ledouxmarine@rousseau.com,2023-12-30
C0041,Patrick Étienne,H,50,Meknès,gregoire11@tiscali.fr,2025-05-04
C0042,Bertrand Couturier,H,43,Marrakech,barbierjerome@tiscali.fr,2024-06-28
C0043,Claude Moreau de la Leroux,F,45,Fès,barthelemysusan@rossi.com,2023-11-18
C0044,Denis Daniel,H,44,Rabat,marthe78@millet.fr,2023-09-13
C0045,Rémy-Lucas Lemaire,H,57,Casablanca,emilie75@free.fr,2024-01-27
C0046,Thibaut Carlier,H,31,Marrakech,alexandriedavid@reynaud.com,2023-09-08
C0047,Françoise Chauvet de Bigot,F,47,Meknès,leonpetitjean@techer.fr,2025-03-21
C0048,Robert Brunet-Evrard,H,41,Casablanca,pierre84@pages.org,2023-12-26
C0049,Arthur Teixeira,H,40,Casablanca,slacroix@richard.fr,2024-11-06
C0050,Margot Regnier,F,32,Meknès,penelopedelorme@tiscali.fr,2025-02-07
C0051,Marthe Durand,F,43,Meknès,jjacob@rolland.org,2023-07-13
C0052,Gabriel Brunel,H,28,Agadir,larochebertrand@chauveau.fr,2024-04-08
C0053,Georges Dumas-Cordier,H,19,Casablanca,thibaultines@sfr.fr,2023-07-11
C0054,Célina Wagner,F,19,Casablanca,gosselincorinne@live.com,2023-09-13
C0055,Caroline Baron,F,48,Marrakech,nicole58@live.com,2025-03-04
C0056,Arthur de la Pottier,H,48,Rabat,xjourdan@guillon.org,2024-05-12
C0057,Eugène Perret,H,20,Rabat,delmascecile@bouygtel.fr,2023-09-20
C0058,Antoine Allain-Ollivier,H,41,Rabat,diazfranck@coulon.fr,2024-04-15
C0059,Jules Verdier Le Moreau,H,53,Casablanca,xwagner@tiscali.fr,2024-09-05
C0060,Noël-Aimé Goncalves,H,42,Tanger,laureregnier@lecoq.net,2024-09-06
C0061,Alexandrie-Susanne Girard,F,29,Tanger,durandauguste@live.com,2024-01-09
C0062,Grégoire Normand,H,32,Oujda,sylviemaillot@hamel.com,2024-09-17
C0063,Matthieu du Aubry,H,58,Agadir,mendesdanielle@tiscali.fr,2025-05-16
C0064,Alexandria Marchand-Bègue,F,36,Rabat,martine26@wanadoo.fr,2024-07-12
C0065,André Moulin,H,45,Rabat,henriette14@pelletier.fr,2023-12-03
C0066,Marcel-Matthieu Torres,H,50,Fès,eugenemillet@muller.com,2024-12-20
C0067,Adrienne Gaillard,F,24,Tanger,olivie07@club-internet.fr,2024-01-10
C0068,Denis Dumont,H,31,Tanger,massewilliam@orange.fr,2024-11-09
C0069,Sophie Poulain,F,26,Meknès,robert66@david.com,2024-02-04
C0070,Jeanne Valentin,F,55,Casablanca,da-silvanathalie@wanadoo.fr,2024-01-26
C0071,Denise-Luce Cordier,F,58,Rabat,pereiralaure@duhamel.net,2023-10-26
C0072,Vincent Letellier,H,32,Rabat,christianelevy@tele2.fr,2024-11-17
C0073,Jérôme Léger,H,51,Marrakech,marchaljulien@brun.fr,2025-04-30
C0074,Élisabeth Vaillant,F,34,Fès,denis10@tiscali.fr,2023-10-09
C0075,Christiane Raynaud Le Vasseur,F,29,Agadir,augereugene@wanadoo.fr,2023-07-16
C0076,Émilie Delmas,F,32,Casablanca,marianne80@brunel.com,2024-03-15
C0077,William Descamps,H,56,Oujda,emmanuelle73@sfr.fr,2025-02-06
C0078,Sabine Gonzalez,F,18,Casablanca,jbrunet@ifrance.com,2025-01-30
C0079,Manon Bodin du Pierre,F,24,Agadir,matthieutanguy@yahoo.fr,2024-07-27
C0080,David Didier-Hoareau,H,44,Oujda,margotduval@gerard.com,2023-10-22
C0081,Raymond de Carpentier,H,23,Rabat,sophiepinto@vallee.com,2025-05-10
C0082,Léon Lemaire-De Sousa,H,50,Casablanca,mguyon@tiscali.fr,2024-02-17
C0083,Élise Millet,F,53,Marrakech,xmartinez@renault.fr,2024-03-30
C0084,Claude-Margaud Chevalier,F,24,Casablanca,ihuet@herve.com,2024-07-24
C0085,Océane Marchand,F,39,Casablanca,boyerconstance@petitjean.com,2024-05-18
C0086,Christiane Léger,F,29,Fès,jacqueline21@dbmail.com,2024-02-19
C0087,Marcel Diallo,H,38,Oujda,fouquetmathilde@lesage.com,2024-10-19
C0088,Louis Dos Santos,H,31,Marrakech,jean61@tiscali.fr,2024-11-24
C0089,François-Maurice Parent,H,42,Casablanca,christelle17@guillou.com,2024-05-08
C0090,Thierry Marion,H,37,Oujda,capucine37@sfr.fr,2024-10-11
C0091,Lucas Samson-Imbert,H,33,Marrakech,franck09@hoareau.fr,2025-02-01
C0092,Thibault Jacquet,H,40,Casablanca,laurence41@regnier.net,2025-01-26
C0093,Susan Buisson,F,30,Fès,petitjeanaurore@club-internet.fr,2023-08-20
C0094,Julie Foucher,F,38,Agadir,gilletgerard@hotmail.fr,2024-03-05
C0095,Antoine Le Adam,H,30,Casablanca,mathilde53@gerard.fr,2024-07-12
C0096,Auguste Guillaume-Marchand,H,41,Tanger,petitjeanceline@mendes.com,2025-01-13
C0097,Isabelle Blanchet,F,20,Agadir,thierry22@wanadoo.fr,2024-08-17
C0098,Emmanuelle Hardy,F,57,Oujda,capucinegimenez@chretien.com,2024-02-01
C0099,Dominique de la Michel,F,17,Rabat,alexandrechristine@gosselin.net,2024-06-25
C0100,Michelle Deschamps,F,27,Agadir,qcolin@club-internet.fr,2024-11-19
C0101,Théodore Perrot,H,22,Oujda,khumbert@ifrance.com,2024-05-15
C0102,Virginie de la Bernard,F,36,Oujda,theresede-oliveira@sfr.fr,2024-06-03
C0103,Benoît Schneider,H,40,Fès,renebreton@hotmail.fr,2025-01-19
C0104,Emmanuelle Mary-Roche,F,18,Oujda,alphonseguerin@tiscali.fr,2025-04-26
C0105,Michel Brunel,H,49,Fès,upicard@marty.com,2025-01-04
C0106,Maggie Humbert,F,43,Rabat,diane61@yahoo.fr,2023-08-18
C0107,Odette Carlier,F,55,Tanger,shamel@laposte.net,2025-01-30
C0108,Stéphane-Timothée Moreno,H,35,Agadir,noel34@weber.com,2023-12-31
C0109,Emmanuelle Legros-Leconte,F,36,Oujda,andrephilippe@hotmail.fr,2024-10-28
C0110,Julie Ferreira,F,51,Marrakech,duvalolivie@bouygtel.fr,2024-07-10
C0111,Jean Carre,H,42,Oujda,suzanneblanchard@gros.com,2024-08-25
C0112,Emmanuel Picard-Nguyen,H,55,Agadir,abegue@laposte.net,2024-06-16
C0113,Élodie Pelletier,F,51,Casablanca,rpires@gilbert.fr,2025-05-28
C0114,Aurore Dijoux,F,34,Fès,nicolehubert@auger.fr,2023-10-29
C0115,Nicole Fabre-Dos Santos,F,53,Tanger,leon02@noel.org,2024-08-23
C0116,Josette Marin,F,44,Meknès,paulinedescamps@hubert.org,2024-02-20
C0117,Jacques Chartier,H,48,Meknès,guy50@gmail.com,2024-01-29
C0118,Tristan Bodin,H,58,Rabat,alice10@lecomte.fr,2025-01-26
C0119,Émilie Breton,F,48,Tanger,veroniquevalette@free.fr,2023-11-16
C0120,Édouard-Alain Morvan,H,31,Agadir,augustinmallet@ifrance.com,2024-03-06
C0121,Adrien Pascal,H,28,Marrakech,roland17@fournier.fr,2025-05-17
C0122,Joseph Mahe,H,18,Fès,alexandre40@live.com,2024-05-24
C0123,Michelle Maillard Le Maillet,F,55,Rabat,jmasson@gautier.com,2024-07-23
C0124,Sylvie-Inès Devaux,F,42,Fès,sleclerc@ifrance.com,2024-01-24
C0125,Caroline-Nathalie Mahe,F,47,Oujda,meunierchristophe@diallo.net,2024-10-13
C0126,Georges-Frédéric Marques,H,25,Casablanca,odette80@wanadoo.fr,2023-12-11
C0127,René Pruvost,H,43,Fès,michelle59@tele2.fr,2024-11-09
C0128,Luc Bègue-Dumas,H,60,Meknès,margot50@lopes.fr,2025-03-22
C0129,Grégoire Boulanger Le Lelièvre,H,51,Fès,jaubry@gmail.com,2024-12-13
C0130,Christophe Verdier,H,45,Marrakech,ylaroche@dupuis.com,2024-11-24
C0131,Stéphanie Raymond,F,58,Tanger,colettechartier@hotmail.fr,2024-04-23
C0132,Manon de Garnier,F,55,Oujda,nicole11@yahoo.fr,2023-08-29
C0133,Julie Colas-Besson,F,26,Meknès,jweber@mary.fr,2024-05-01
C0134,Valentine Rousset,F,32,Fès,chantal77@perrier.com,2025-02-18
C0135,Charlotte Royer,F,49,Meknès,sda-silva@bouygtel.fr,2024-06-29
C0136,Pierre Guillaume,H,33,Meknès,tvaillant@morin.com,2025-05-24
C0137,Honoré Ruiz-Marie,H,34,Fès,alice84@free.fr,2024-06-02
C0138,Hortense Meunier,F,37,Tanger,picardnoel@bouygtel.fr,2024-07-08
C0139,Matthieu Neveu,H,24,Marrakech,brigitte32@torres.fr,2023-10-07
C0140,Étienne Bourgeois,H,40,Marrakech,elisabeth62@wanadoo.fr,2023-06-19
C0141,Maurice Masson,H,20,Oujda,audreydescamps@voila.fr,2024-02-19
C0142,Odette Barbier,F,37,Meknès,adelaiderenaud@club-internet.fr,2023-09-26
C0143,Claudine Dias,F,19,Fès,bernardcelina@wanadoo.fr,2024-12-26
C0144,Alexandrie Lamy-Robert,F,40,Casablanca,matthieucollet@normand.fr,2024-06-09
C0145,Margaud de Hoarau,F,46,Casablanca,josephine96@yahoo.fr,2023-07-07
C0146,Bernadette Pruvost,F,35,Oujda,mailletguy@carlier.fr,2024-01-08
C0147,Stéphanie Alves,F,50,Fès,marinemaillet@laposte.net,2024-04-15
C0148,Caroline Hubert-Daniel,F,30,Agadir,cousinjeannine@girard.fr,2024-12-29
C0149,Josette Lemonnier,F,47,Casablanca,jacobanouk@leduc.fr,2025-01-31
C0150,Agathe Lenoir,F,37,Oujda,claire53@gmail.com,2023-09-25
C0151,Emmanuel Lebreton,H,45,Marrakech,ejacquet@andre.fr,2025-05-17
C0152,Augustin Hervé,H,41,Casablanca,valletrenee@orange.fr,2024-05-25
C0153,Émile Fleury-Fontaine,H,57,Oujda,alain52@perret.com,2024-09-03
C0154,Adrien de la Lebrun,H,45,Marrakech,cecile70@roche.fr,2024-02-15
C0155,Arthur-Frédéric Dijoux,H,32,Oujda,benjaminchauveau@sfr.fr,2023-06-13
C0156,Anne Le Goncalves,F,29,Meknès,aimeelaporte@pages.fr,2023-10-26
C0157,Édith Pasquier,F,37,Oujda,rousselauguste@laposte.net,2025-04-15
C0158,Claudine Martel,F,42,Agadir,cdescamps@da.net,2024-09-07
C0159,Noël Clerc,H,46,Casablanca,kbecker@ifrance.com,2024-03-08
C0160,Théodore Aubry,H,38,Fès,nathaliefontaine@laposte.net,2024-11-25
C0161,Michel Royer,H,57,Casablanca,laportemartin@boutin.com,2025-05-28
C0162,André Bodin,H,31,Fès,barremarianne@leconte.net,2024-04-17
C0163,Bernard Rey,H,55,Marrakech,pperret@renard.com,2024-01-03
C0164,Jérôme Valentin,H,24,Meknès,olivier96@julien.com,2025-03-21
C0165,Roger-Victor Fischer,H,52,Fès,lemonnierrene@lopez.fr,2023-11-01
C0166,Christelle-Michèle Grondin,F,60,Agadir,denisevrard@ollivier.fr,2023-06-23
C0167,Alex Leroy de Guibert,F,26,Rabat,mfernandez@etienne.fr,2025-04-11
C0168,Thibaut de Bernier,H,35,Rabat,emartel@voila.fr,2023-06-19
C0169,Lucas-Henri Charpentier,H,35,Oujda,nathalie84@mercier.net,2023-12-29
C0170,Adèle Coste-Bazin,F,28,Rabat,guillotleon@voila.fr,2023-09-26
C0171,Étienne Millet,H,22,Agadir,leclercqmichelle@meyer.com,2023-11-19
C0172,Henri Parent,H,52,Casablanca,devauxarthur@david.com,2023-09-14
C0173,Margaux Le Camus,F,50,Oujda,brigitte77@le.fr,2025-03-29
C0174,Nicole Bruneau,F,20,Tanger,genevieverobin@auger.com,2023-07-30
C0175,Pierre Samson,H,42,Meknès,barbehenri@baron.fr,2025-01-14
C0176,Alain Morel,H,43,Tanger,rbonneau@lebrun.com,2024-01-20
C0177,Colette Costa,F,25,Oujda,maurice48@remy.com,2025-01-27
C0178,Timothée Dias,H,49,Agadir,noemilaporte@free.fr,2023-08-30
C0179,Maggie Masse,F,45,Oujda,levyzoe@chauveau.fr,2024-03-13
C0180,Simone Martel,F,36,Fès,sabine74@huet.com,2024-09-08
C0181,Charles-Patrick Guyot,H,33,Meknès,duvalfrancois@courtois.fr,2024-07-19
C0182,Franck Moulin,H,45,Oujda,zoe03@gomes.com,2023-07-26
C0183,Agathe Pereira,F,17,Meknès,ferrandvalerie@bouygtel.fr,2023-11-16
C0184,Arnaude Morin,F,27,Meknès,martinsmarcelle@voila.fr,2024-06-20
C0185,Pierre Lemaire,H,38,Agadir,colinlaurent@dbmail.com,2024-01-03
C0186,Marcelle Martins du Riou,F,33,Agadir,gosselinremy@tiscali.fr,2023-08-15
C0187,Denis Guillot,H,49,Fès,yclement@mary.com,2025-06-02
C0188,Thibaut Costa,H,31,Oujda,hoareauaime@ifrance.com,2023-11-28
C0189,Véronique Hamon,F,51,Fès,menardmarthe@goncalves.fr,2024-11-01
C0190,Margot de Chevallier,F,57,Meknès,sbesson@gilles.com,2024-11-14
C0191,Louise-Philippine Potier,F,17,Rabat,francoisegomez@tiscali.fr,2024-03-18
C0192,Noémi Gilbert,F,30,Oujda,wpires@yahoo.fr,2023-12-22
C0193,Denis Moreno-Sanchez,H,35,Tanger,cecileverdier@bouygtel.fr,2025-03-07
C0194,Marguerite Martel,F,51,Tanger,giraudtheodore@chevalier.fr,2024-07-02
C0195,Michelle-Clémence Brun,F,51,Tanger,qreynaud@free.fr,2024-12-27
C0196,Anaïs Leblanc,F,60,Meknès,micheleleleu@coste.fr,2023-07-06
C0197,Mathilde Leduc,F,35,Agadir,ahumbert@gomez.com,2024-08-17
C0198,Martin Lecoq,H,23,Fès,bazinthibaut@hotmail.fr,2024-10-14
C0199,Laetitia-Claire Lambert,F,23,Marrakech,galletemmanuel@live.com,2023-08-22
C0200,Hugues Morel,H,29,Meknès,pagesines@tele2.fr,2025-02-23
C0201,Margaret-Simone Dupuy,F,53,Agadir,bouvetcorinne@wanadoo.fr,2025-03-07
C0202,Thomas Rousseau,H,28,Agadir,josette64@arnaud.com,2023-07-20
C0203,Benjamin Legrand Le Raynaud,H,39,Marrakech,jacquesmeunier@dbmail.com,2023-12-31
C0204,Danielle Carpentier-Grégoire,F,16,Marrakech,philippinebazin@tiscali.fr,2023-10-06
C0205,Capucine Hoarau,F,18,Casablanca,honoreleblanc@hubert.fr,2023-08-26
C0206,Alex Le Lebon,F,60,Marrakech,valentine59@gregoire.com,2025-03-23
C0207,Olivie Le Boulay,F,22,Casablanca,rwagner@orange.fr,2023-08-09
C0208,Odette Laurent,F,46,Meknès,barthelemystephanie@free.fr,2024-03-03
C0209,Nathalie Chrétien,F,37,Marrakech,alicehoarau@live.com,2024-02-01
C0210,Christophe Merle,H,32,Meknès,wnicolas@perrot.com,2024-07-17
C0211,Julien Marie-Pineau,H,20,Oujda,aimeeantoine@vallet.fr,2024-07-21
C0212,Antoinette Schneider,F,20,Casablanca,raymondfleury@yahoo.fr,2025-02-28
C0213,Jean Blanc,H,25,Agadir,madeleineloiseau@yahoo.fr,2024-09-24
C0214,Lucas de la Rocher,H,31,Rabat,chumbert@laposte.net,2024-03-30
C0215,Gabrielle Dumont,F,54,Fès,constance32@marin.com,2024-12-01
C0216,Andrée Germain,F,44,Meknès,sebastienpages@charrier.org,2023-09-09
C0217,Catherine Pruvost,F,53,Oujda,gmaurice@torres.fr,2024-12-20
C0218,Pénélope Cousin,F,52,Casablanca,noelrodrigues@maury.com,2024-05-25
C0219,Henri-David Marie,H,29,Fès,rcordier@gmail.com,2023-09-05
C0220,Manon du Guichard,F,58,Rabat,texiereugene@riou.fr,2023-12-26
C0221,Nicolas Rousseau-Toussaint,H,31,Marrakech,hardyclemence@allain.fr,2024-02-24
C0222,Bernard Ollivier de la Lemaître,H,26,Casablanca,carliermargot@voila.fr,2025-04-26
C0223,Clémence Grégoire,F,44,Meknès,wlopez@gmail.com,2023-10-03
C0224,Christine Imbert du Lemoine,F,18,Fès,franckmichaud@tele2.fr,2024-06-11
C0225,Colette De Sousa de Chevallier,F,34,Meknès,vincentmercier@hoareau.com,2023-12-19
C0226,Tristan Guillou-Julien,H,59,Fès,gilles36@rossi.com,2024-10-14
C0227,Capucine-Susan Joly,F,56,Fès,dumontpatrick@wanadoo.fr,2023-06-24
C0228,Hélène Le Nicolas,F,23,Fès,parentemmanuel@ifrance.com,2025-02-06
C0229,Eugène Colin,H,33,Marrakech,chauvinanne@boulanger.org,2023-09-21
C0230,Thomas Peltier,H,19,Marrakech,dos-santosarnaude@menard.com,2024-09-30
C0231,Céline Ruiz,F,54,Agadir,bodinstephane@tanguy.fr,2024-06-05
C0232,Michelle Masson,F,23,Meknès,brenault@delorme.fr,2024-01-14
C0233,Émilie Klein,F,60,Oujda,mathieucorinne@yahoo.fr,2025-02-17
C0234,Alix Turpin,F,48,Meknès,ibonneau@sfr.fr,2025-03-15
C0235,Catherine Delorme Le Vallée,F,21,Casablanca,mcaron@pottier.net,2025-03-30
C0236,Patricia Mary,F,36,Agadir,rogerhuet@voila.fr,2024-10-23
C0237,Lucas-Charles Masse,H,21,Fès,alegendre@royer.org,2024-06-21
C0238,Eugène Petitjean,H,59,Agadir,honore90@leroux.com,2023-11-03
C0239,Christophe Hamon,H,27,Meknès,simonehardy@peron.fr,2025-04-26
C0240,Martine Gay,F,33,Marrakech,ponsmargaux@dbmail.com,2024-03-11
C0241,Inès Carre-Coste,F,56,Meknès,fjacques@tiscali.fr,2024-10-31
C0242,Vincent Turpin-Leclercq,H,46,Tanger,gregoire33@navarro.com,2025-05-08
C0243,Alex Chrétien,F,37,Tanger,nfabre@leblanc.com,2023-09-03
C0244,Gérard Boulay,H,26,Tanger,nteixeira@tele2.fr,2025-01-12
C0245,Madeleine Rossi-Maréchal,F,60,Meknès,robertcolin@lesage.fr,2023-07-27
C0246,Suzanne Marchal de la Gaillard,F,58,Oujda,baillyjuliette@le.com,2024-01-05
C0247,Yves Ferrand,H,45,Rabat,bernardpoirier@yahoo.fr,2023-10-17
C0248,Michelle Henry,F,32,Tanger,renepelletier@leroux.fr,2023-09-02
C0249,Vincent Joly,H,41,Casablanca,rle-roux@live.com,2025-04-04
C0250,Claudine Imbert,F,42,Casablanca,letelliervirginie@pascal.fr,2024-11-06
C0251,Théophile Pages,H,49,Tanger,remygautier@tiscali.fr,2023-09-14
C0252,Denise Leconte,F,56,Meknès,margaret16@marty.fr,2024-06-10
C0253,Roger Lesage-Bouvier,H,29,Agadir,gregoirecourtois@lamy.net,2024-11-23
C0254,Antoine Huet,H,34,Meknès,diane08@tiscali.fr,2024-07-19
C0255,Céline Imbert,F,23,Casablanca,zchevalier@tele2.fr,2023-11-11
C0256,Jérôme Gérard Le Delmas,H,26,Agadir,omuller@dbmail.com,2023-10-30
C0257,Michel Robert,H,51,Oujda,lacombeantoine@voila.fr,2024-02-01
C0258,William Le Chevalier,H,30,Rabat,royemilie@hotmail.fr,2023-12-21
C0259,Margaux Girard,F,23,Marrakech,eugene11@marty.com,2025-03-07
C0260,Claude Dos Santos,F,34,Agadir,zbenoit@yahoo.fr,2024-02-23
C0261,Éléonore-Brigitte Léger,F,46,Meknès,theophile60@live.com,2024-01-31
C0262,Yves Rivière,H,45,Marrakech,nathalieraymond@legendre.fr,2024-11-15
C0263,Christine Lebreton,F,28,Marrakech,philippine37@ollivier.com,2023-10-31
C0264,Étienne Le Gaudin,H,33,Oujda,williamjulien@raymond.org,2024-02-02
C0265,Élodie du Bazin,F,48,Agadir,julie74@dufour.org,2024-08-14
C0266,Léon du Le Goff,H,34,Agadir,upons@fabre.net,2023-10-14
C0267,Lorraine De Oliveira,F,25,Meknès,moulinisabelle@hotmail.fr,2023-12-04
C0268,Josette Evrard,F,38,Tanger,leducphilippine@bazin.fr,2024-03-17
C0269,Élise Pichon-Blin,F,45,Tanger,etiennelucy@voila.fr,2023-09-07
C0270,Tristan Pichon Le Charrier,H,60,Fès,vrey@bouygtel.fr,2023-10-29
C0271,Margaux Arnaud,F,30,Oujda,jacqueline72@tele2.fr,2025-04-21
C0272,Guy Gaillard,H,36,Meknès,gauthierpatricia@philippe.com,2024-06-04
C0273,Aurore Ferreira,F,40,Marrakech,victor11@camus.com,2024-10-17
C0274,Pénélope Guérin,F,18,Marrakech,marthedupont@live.com,2024-12-11
C0275,Audrey Raymond,F,22,Meknès,oduhamel@jacquet.fr,2024-02-05
C0276,Jacques Boyer-Fouquet,H,49,Meknès,guytraore@tele2.fr,2023-08-14
C0277,Paul Le Guérin,H,25,Oujda,goncalvesnath@wanadoo.fr,2023-10-02
C0278,Théophile Renaud,H,20,Meknès,lopezbertrand@bouygtel.fr,2024-03-27
C0279,Madeleine Peltier,F,37,Oujda,gabriel48@wanadoo.fr,2025-01-17
C0280,Aimé Dumas Le Vaillant,H,37,Oujda,alphonse20@dias.com,2024-10-07
C0281,Valérie Rivière,F,56,Meknès,catherine10@bouygtel.fr,2024-10-31
C0282,Gilbert Laporte,H,55,Rabat,ines55@ifrance.com,2025-03-08
C0283,Alfred Perrier,H,56,Agadir,blanchetlucie@valentin.com,2024-10-08
C0284,Eugène Morel,H,21,Oujda,anais03@yahoo.fr,2024-05-07
C0285,Étienne Duval de Maillard,H,56,Rabat,atexier@gay.com,2023-11-27
C0286,Antoinette Ribeiro,F,26,Agadir,ffaure@dumont.fr,2024-04-22
C0287,Gilbert-Théodore Gomes,H,18,Tanger,raymondallard@sfr.fr,2024-04-14
C0288,Jules du Guillou,H,34,Tanger,jeannine81@gomez.org,2023-09-01
C0289,Claire Pruvost,F,43,Marrakech,ocoulon@samson.fr,2025-05-21
C0290,Émile Morvan,H,49,Oujda,ecollet@voila.fr,2024-03-04
C0291,Joseph De Sousa,H,26,Marrakech,pgilles@free.fr,2024-12-16
C0292,Arthur Blot,H,55,Oujda,paulettelemoine@dumas.com,2024-04-17
C0293,Jean Mace,H,47,Marrakech,dominiquerenaud@noel.fr,2024-01-12
C0294,Jules du Traore,H,45,Agadir,collindanielle@sfr.fr,2025-03-14
C0295,Maryse Girard,F,32,Casablanca,marysemeunier@free.fr,2023-12-23
C0296,Amélie Lecoq,F,34,Marrakech,william87@orange.fr,2024-05-04
C0297,Eugène Le Boutin,H,44,Tanger,anne45@noos.fr,2024-09-04
C0298,Renée Guillet,F,56,Oujda,pdias@noos.fr,2023-09-25
C0299,Christine Alves de Guichard,F,45,Agadir,erobin@bouygtel.fr,2023-06-10
C0300,Jacques David Le Ribeiro,H,40,Meknès,wgauthier@albert.org,2024-09-15
C0301,Charles de Joly,H,31,Oujda,vgomez@ferrand.com,2024-10-14
C0302,Élise Humbert Le Berger,F,52,Agadir,louiselemaire@david.net,2024-07-24
C0303,Cécile Robin,F,17,Oujda,drenault@free.fr,2024-05-15
C0304,Margot Gallet,F,16,Casablanca,nathaliealves@gmail.com,2023-11-02
C0305,Antoinette Guillaume-Chevalier,F,34,Fès,petitjosephine@voila.fr,2024-07-23
C0306,Joséphine Briand,F,30,Fès,valerieroux@gmail.com,2023-10-13
C0307,Agathe Poulain,F,59,Marrakech,anastasie28@payet.fr,2024-04-14
C0308,Roland Guillet-Chauveau,H,56,Casablanca,mullermarcelle@yahoo.fr,2023-09-07
C0309,Margaud Courtois,F,44,Casablanca,huguesblin@gmail.com,2025-03-18
C0310,Diane Leblanc,F,24,Rabat,guillaumefrancoise@sfr.fr,2023-11-28
C0311,Cécile-Aimée Martin,F,36,Oujda,agathedidier@roy.com,2025-05-05
C0312,Stéphane Paris,H,28,Marrakech,etraore@lenoir.fr,2025-02-03
C0313,Stéphanie-Célina Le Goff,F,49,Agadir,claudine62@tiscali.fr,2023-11-20
C0314,Alphonse Dupont,H,32,Meknès,henriette20@hotmail.fr,2023-12-15
C0315,Patricia Mercier,F,37,Rabat,fruiz@monnier.org,2024-10-17
C0316,Françoise Letellier,F,20,Marrakech,tmary@voisin.fr,2025-01-27
C0317,Alfred Pottier,H,59,Oujda,valentinedelorme@ifrance.com,2024-07-05
C0318,Cécile Diallo,F,21,Oujda,marguerite17@schmitt.com,2024-09-10
C0319,Roland Gomez,H,32,Rabat,lorraine96@sfr.fr,2025-05-26
C0320,Margot Sanchez,F,39,Agadir,smenard@bonnet.com,2025-02-02
C0321,Mathilde Lelièvre,F,56,Tanger,luc39@vasseur.fr,2024-06-20
C0322,Noël-Victor Moreau,H,59,Fès,ydidier@club-internet.fr,2023-10-24
C0323,Valérie-Inès Rivière,F,17,Tanger,louiszoe@marchal.com,2024-11-22
C0324,Antoine Roux de Caron,H,57,Rabat,llabbe@francois.com,2025-03-30
C0325,Anastasie Marin du Dijoux,F,60,Agadir,aime71@yahoo.fr,2024-12-14
C0326,Virginie Fouquet,F,23,Marrakech,marcelfernandes@lucas.fr,2025-02-01
C0327,Émile Vidal,H,18,Agadir,simonetoussaint@paul.fr,2025-04-18
C0328,Jeannine Bazin,F,23,Rabat,guyotstephanie@sfr.fr,2023-07-10
C0329,Guillaume Lebrun,H,50,Marrakech,adeleschneider@club-internet.fr,2023-10-23
C0330,Laure Dumas,F,45,Tanger,susanne00@meyer.fr,2024-11-13
C0331,Anaïs de la Aubert,F,53,Marrakech,aurelie48@chauvin.com,2023-12-24
C0332,Jeannine Louis,F,57,Rabat,emorel@dbmail.com,2023-07-05
C0333,Susan Normand,F,55,Oujda,kroy@hotmail.fr,2025-04-22
C0334,Astrid Gay,F,18,Tanger,rousselmichel@yahoo.fr,2024-07-14
C0335,Yves de Dumont,H,44,Meknès,daniellebrunet@bouygtel.fr,2025-04-10
C0336,Charles Collin,H,39,Rabat,emilebigot@ruiz.fr,2024-10-25
C0337,Alice-Zoé Lemaire,F,50,Tanger,marie72@gmail.com,2023-06-09
C0338,Gilbert de la Jacob,H,41,Agadir,constancejacquet@carre.fr,2025-03-19
C0339,Honoré Vallet,H,23,Meknès,genevieve65@yahoo.fr,2025-02-11
C0340,Alexandre-Alphonse Hoarau,H,58,Fès,xrodriguez@wanadoo.fr,2025-02-28
C0341,Paul Goncalves,H,19,Tanger,marcelnoel@hardy.fr,2023-11-11
C0342,David Blanc,H,24,Fès,adelaunay@dbmail.com,2024-01-07
C0343,Augustin-Michel Lacombe,H,51,Fès,dumontnoel@hotmail.fr,2024-09-27
C0344,Joseph-Antoine Navarro,H,30,Tanger,marysehamel@lenoir.fr,2023-07-20
C0345,Édouard Bailly Le Lesage,H,54,Casablanca,garciajosephine@ifrance.com,2024-09-22
C0346,Françoise Neveu,F,25,Marrakech,frederiquelaroche@laposte.net,2024-07-08
C0347,Michelle-Paulette Jacob,F,27,Rabat,leclercqfrederique@dbmail.com,2024-02-03
C0348,William Boucher,H,24,Casablanca,verdierolivie@thierry.com,2025-01-14
C0349,Susan Bonneau,F,31,Tanger,blevy@tiscali.fr,2025-03-22
C0350,Gabriel Pichon,H,27,Agadir,bmoreno@barbier.org,2024-04-16
C0351,Charles Evrard,H,24,Oujda,paulettelefevre@joubert.com,2023-10-23
C0352,Aimé Fontaine,H,20,Meknès,dorotheejacquet@merle.fr,2024-01-05
C0353,Lorraine Garnier,F,39,Rabat,pweiss@buisson.net,2024-08-21
C0354,Diane Ferrand,F,48,Fès,odettechauveau@besson.com,2023-07-14
C0355,Maurice-Maurice Martel,H,58,Agadir,salmonmanon@wanadoo.fr,2025-05-21
C0356,Colette Barre,F,57,Casablanca,dguillou@normand.com,2025-03-05
C0357,Thibaut Adam,H,46,Oujda,christianebaudry@bertrand.fr,2024-10-06
C0358,Capucine Goncalves,F,59,Rabat,smarques@gosselin.fr,2024-06-23
C0359,Marcelle de Mathieu,F,44,Rabat,jolytimothee@gmail.com,2023-10-26
C0360,Frédéric Mahe,H,36,Marrakech,blinhonore@wagner.com,2024-06-05
C0361,Auguste Hubert,H,24,Agadir,gayanais@free.fr,2024-09-17
C0362,Thérèse Bernard,F,40,Agadir,nleroux@orange.fr,2023-08-25
C0363,Dorothée Pelletier,F,48,Oujda,benoitraynaud@gallet.fr,2023-08-29
C0364,Victor Lévy,H,60,Rabat,catherinelabbe@blondel.com,2023-12-14
C0365,Roland Lacombe-Henry,H,43,Meknès,bourgeoislucy@gros.com,2024-06-06
C0366,Yves Alves,H,42,Tanger,jacquetchristophe@ifrance.com,2024-02-02
C0367,Emmanuelle Faivre,F,41,Oujda,perrinaugustin@free.fr,2025-04-13
C0368,Gilles-Olivier Thierry,H,36,Oujda,vincentguillou@pelletier.fr,2023-10-24
C0369,Adèle Tessier,F,58,Agadir,etienne90@lagarde.fr,2023-08-06
C0370,Françoise Ollivier,F,25,Meknès,neveujulie@girard.com,2024-10-16
C0371,Benjamin Imbert,H,21,Rabat,carrevincent@live.com,2024-03-20
C0372,Marcel Rodriguez,H,43,Rabat,sophiedelannoy@duhamel.org,2023-12-01
C0373,Maryse Bonnin,F,24,Casablanca,eugene65@laporte.fr,2024-03-15
C0374,Édith Rolland,F,58,Rabat,gvidal@yahoo.fr,2023-08-25
C0375,Constance Renault,F,38,Oujda,daniellelenoir@gmail.com,2024-04-13
C0376,Eugène Chauveau-Gay,H,34,Agadir,paulineprevost@coulon.org,2024-02-06
C0377,Jeannine De Oliveira,F,22,Fès,frederiquelemaitre@gonzalez.com,2023-10-30
C0378,Augustin-Xavier Denis,H,58,Meknès,fabrelouis@lemaire.com,2025-04-29
C0379,Xavier Moulin,H,22,Tanger,oliviesanchez@tele2.fr,2024-02-24
C0380,Sylvie Leroux,F,23,Agadir,echarpentier@dumont.net,2025-04-17
C0381,Roger Voisin,H,43,Casablanca,juliette83@marty.fr,2023-11-12
C0382,Marcelle de la Normand,F,17,Marrakech,hthomas@tele2.fr,2024-12-29
C0383,Alice Blin,F,60,Agadir,sebastien57@wagner.fr,2024-05-20
C0384,Christiane Dumont,F,38,Casablanca,blancpatrick@ifrance.com,2024-10-08
C0385,Bertrand Le Masse,H,25,Oujda,poirierfrancoise@dias.net,2023-09-24
C0386,Théodore Durand,H,25,Casablanca,qdos-santos@rodriguez.fr,2024-11-01
C0387,Vincent Seguin,H,49,Fès,bernard83@andre.com,2023-09-28
C0388,Gabrielle Da Costa,F,42,Meknès,christellejoseph@sfr.fr,2024-11-21
C0389,Josette Lucas de la Jacques,F,26,Tanger,adelaide51@ifrance.com,2023-11-09
C0390,Élise Gomez,F,36,Rabat,ccollet@loiseau.fr,2023-06-23
C0391,Alain Dumont,H,25,Marrakech,camille64@yahoo.fr,2024-10-31
C0392,Raymond Le Roussel,H,59,Rabat,malletmaurice@voisin.fr,2024-12-12
C0393,Élodie Martel,F,44,Oujda,lagarderaymond@pierre.com,2024-06-01
C0394,Zoé Gautier,F,54,Meknès,omaurice@bigot.com,2023-06-13
C0395,Anne Leclerc,F,33,Fès,theophilebigot@carlier.fr,2024-11-10
C0396,Honoré Lefort,H,38,Oujda,martinmorvan@gomez.org,2024-12-14
C0397,Laurent De Oliveira du Hubert,H,34,Meknès,eblanc@hotmail.fr,2024-11-16
C0398,Claire Bouchet-Laroche,F,18,Fès,genevievebenard@pasquier.com,2024-08-25
C0399,Alice Poulain-Dufour,F,54,Casablanca,davidvincent@richard.com,2024-12-06
C0400,Vincent de la Carre,H,29,Agadir,yroche@club-internet.fr,2024-05-17
C0401,Jules Ruiz,H,24,Agadir,rriviere@dubois.org,2023-12-14
C0402,Valentine de la Leclercq,F,36,Rabat,veronique98@sfr.fr,2024-04-17
C0403,Jean Picard,H,47,Oujda,ghenry@gauthier.net,2025-04-01
C0404,Jacques Techer,H,24,Oujda,valerie78@merle.com,2024-09-25
C0405,Jules Baron,H,48,Tanger,josette53@prevost.com,2024-12-01
C0406,Richard Rousseau,H,41,Casablanca,marine61@gmail.com,2024-02-05
C0407,Noémi Marin de Andre,F,17,Meknès,cguillot@live.com,2024-01-31
C0408,Franck Perret,H,36,Oujda,margauxguillaume@caron.fr,2024-07-08
C0409,Margaux Renard de la Samson,F,56,Oujda,fpoirier@perrot.com,2023-07-27
C0410,Anaïs Deschamps,F,23,Oujda,bernard60@ferreira.com,2024-12-23
C0411,Alfred-Robert Rémy,H,36,Marrakech,elisabethrichard@sfr.fr,2023-08-24
C0412,Élodie Guillaume,F,60,Tanger,lelievremarie@benard.com,2024-07-11
C0413,Nicolas Barthelemy,H,43,Rabat,cleleu@noos.fr,2025-01-12
C0414,Xavier-Yves Lombard,H,43,Oujda,veronique55@royer.fr,2023-11-05
C0415,Arthur Pascal,H,41,Agadir,agathe80@tiscali.fr,2023-11-25
C0416,Susan Le Perrier,F,30,Tanger,valerie06@jacques.net,2023-11-09
C0417,Bernard Didier,H,20,Rabat,bernard68@barbe.org,2025-04-17
C0418,Bertrand-Frédéric Gauthier,H,38,Tanger,emileparis@morel.fr,2024-05-12
C0419,Maurice Pichon,H,31,Rabat,lklein@herve.fr,2023-11-03
C0420,Eugène Vasseur,H,32,Fès,juliettelegros@ifrance.com,2024-09-14
C0421,Luc Le Brunel,H,54,Marrakech,tblanchet@gros.fr,2024-10-15
C0422,Vincent Le Gall,H,27,Meknès,thibaultzoe@pruvost.fr,2024-01-20
C0423,Monique Bigot,F,52,Meknès,dupuygenevieve@bouygtel.fr,2024-12-16
C0424,Luce Lemaître,F,56,Tanger,aime71@voisin.com,2025-05-09
C0425,Bernard Martinez,H,44,Rabat,gimenezzoe@laposte.net,2025-05-23
C0426,Valentine Laurent du Bousquet,F,44,Agadir,xvoisin@garnier.fr,2024-08-15
C0427,Susanne Gros,F,53,Casablanca,ucamus@denis.fr,2024-04-11
C0428,Zoé Antoine-Fouquet,F,48,Rabat,cpelletier@club-internet.fr,2025-01-11
C0429,Julie Millet,F,45,Meknès,imbertemmanuel@ifrance.com,2025-02-26
C0430,Henri Briand,H,19,Tanger,guillaume32@hotmail.fr,2024-06-27
C0431,Laure Richard,F,20,Rabat,emaillard@orange.fr,2024-02-26
C0432,Victoire Godard de la Meyer,F,45,Casablanca,thibaut83@yahoo.fr,2024-11-01
C0433,Dominique Weiss-Berthelot,F,52,Fès,michele86@dos.fr,2024-07-30
C0434,Constance Delaunay,F,54,Meknès,pirestheophile@rodriguez.fr,2024-09-08
C0435,Auguste Leclerc,H,19,Meknès,lucasmartin@benard.org,2024-11-15
C0436,Benjamin Le Riou,H,37,Rabat,michellehebert@deschamps.com,2024-12-07
C0437,Patrick Valentin,H,18,Fès,le-goffbrigitte@couturier.com,2025-05-22
C0438,Valérie Colin,F,44,Marrakech,qpotier@bodin.org,2024-05-14
C0439,Jeanne Barre,F,39,Agadir,renee18@martin.com,2023-07-12
C0440,Patricia-Laure Cousin,F,42,Tanger,aimeberger@arnaud.org,2023-09-21
C0441,Michel-Laurent Roger,H,56,Tanger,charlottevoisin@laposte.net,2024-12-16
C0442,Marc Picard,H,37,Rabat,adrien38@voisin.com,2023-11-04
C0443,Luce Marion,F,34,Agadir,malexandre@rocher.com,2024-06-10
C0444,Antoine Hamel,H,37,Rabat,emilie85@descamps.fr,2023-11-16
C0445,Augustin Collin-Lecomte,H,38,Agadir,margaux39@antoine.fr,2023-12-16
C0446,Nathalie Lemonnier,F,24,Rabat,brossi@gmail.com,2025-01-22
C0447,Alexandria Royer,F,51,Oujda,leclercqwilliam@club-internet.fr,2024-09-10
C0448,Nath Barthelemy,F,24,Rabat,edouardgerard@gauthier.com,2024-04-21
C0449,Élisabeth Benard,F,48,Tanger,eric11@wanadoo.fr,2025-05-24
C0450,Julien-Frédéric Diaz,H,39,Agadir,perrotaime@live.com,2024-07-24
C0451,Bertrand François,H,29,Tanger,henri74@remy.fr,2024-09-27
C0452,Pénélope Camus Le Rivière,F,28,Fès,lecontemonique@marchal.com,2024-04-20
C0453,Tristan Ferrand,H,25,Rabat,michelle81@free.fr,2024-11-17
C0454,Patricia Girard,F,22,Casablanca,langloishortense@olivier.com,2025-02-09
C0455,Hortense Lejeune Le Martin,F,55,Marrakech,wlaroche@voila.fr,2023-06-27
C0456,Paulette Le Guillot,F,25,Marrakech,clemence09@gmail.com,2024-07-10
C0457,Vincent de Bailly,H,60,Marrakech,malletguy@live.com,2024-03-02
C0458,Maryse-Brigitte Perrot,F,18,Oujda,legerfranck@tele2.fr,2024-11-12
C0459,Laetitia Leroy,F,59,Fès,lbarthelemy@ifrance.com,2024-08-04
C0460,Aimée Caron,F,55,Agadir,vmercier@mace.org,2025-01-06
C0461,Claudine Maurice-Guyot,F,30,Fès,aurelie99@gmail.com,2024-10-24
C0462,Virginie Munoz du Lelièvre,F,46,Fès,nfaure@marques.com,2024-08-04
C0463,Michèle Salmon,F,59,Meknès,luce35@laposte.net,2024-11-18
C0464,Susanne Guyon,F,34,Oujda,margaret14@wanadoo.fr,2024-05-11
C0465,Michelle Guyon,F,26,Fès,robertmarty@ifrance.com,2023-10-30
C0466,Emmanuel de Ramos,H,32,Casablanca,benoit13@renaud.fr,2025-03-21
C0467,Frédérique Dos Santos,F,39,Rabat,rlebon@couturier.com,2023-12-10
C0468,Xavier-Richard Vidal,H,34,Rabat,dijouxantoinette@bouygtel.fr,2024-09-17
C0469,Jérôme Diaz,H,33,Meknès,josephgabrielle@dumont.fr,2024-07-31
C0470,Rémy Marin Le Coulon,H,43,Rabat,marine24@live.com,2024-02-28
C0471,Thierry Vallée-Vallet,H,44,Tanger,maggieperret@becker.net,2025-02-16
C0472,Édouard Carpentier,H,42,Casablanca,dos-santoscecile@hubert.com,2023-11-29
C0473,Adèle Voisin,F,48,Tanger,nicolasmoreau@denis.com,2023-06-07
C0474,Eugène Bonnin du Leclerc,H,40,Rabat,bonninsuzanne@voila.fr,2024-10-25
C0475,Hélène Huet,F,30,Casablanca,diane37@delaunay.com,2025-02-16
C0476,Anastasie Sauvage,F,22,Tanger,lagardeanais@berthelot.com,2023-08-31
C0477,Jacques Durand,H,24,Casablanca,rblot@riou.com,2024-08-16
C0478,Bernadette Bourgeois,F,46,Marrakech,couloncatherine@marin.com,2024-11-11
C0479,Alexandrie de Boulanger,F,44,Casablanca,adrien81@club-internet.fr,2024-03-18
C0480,Jérôme Rolland de Brun,H,17,Agadir,andre95@reynaud.com,2025-02-13
C0481,Michel Schneider de Moreau,H,25,Oujda,rlegros@fernandes.com,2024-06-26
C0482,Jules-Matthieu Boucher,H,34,Fès,anastasiebegue@gomez.fr,2024-08-27
C0483,Monique Mallet-Richard,F,23,Casablanca,capucineleleu@yahoo.fr,2024-05-22
C0484,Timothée Bernard-Carlier,H,42,Meknès,meyermartin@laposte.net,2025-03-30
C0485,Grégoire Goncalves,H,23,Meknès,labbevalentine@lagarde.com,2024-08-20
C0486,Robert Leleu-Rémy,H,56,Fès,ischmitt@legendre.fr,2023-07-16
C0487,Thomas Huet,H,34,Oujda,frederiquevalentin@dias.fr,2024-02-18
C0488,Hugues-Olivier Jacquet,H,55,Tanger,bmace@chevalier.fr,2024-10-17
C0489,Gabriel Weiss,H,52,Oujda,daniel81@dbmail.com,2025-04-11
C0490,Gilbert Le Diallo,H,58,Rabat,alicemaillot@lemoine.org,2023-12-16
C0491,Adélaïde Thierry,F,20,Casablanca,benoiteleonore@wanadoo.fr,2024-07-20
C0492,Aurélie du Lagarde,F,46,Casablanca,tristanleconte@bernier.com,2024-06-15
C0493,Marguerite Muller,F,39,Agadir,imuller@orange.fr,2024-10-22
C0494,André du Thomas,H,38,Rabat,ijacquot@live.com,2024-01-26
C0495,Véronique Techer,F,31,Rabat,ferreirapaulette@wanadoo.fr,2024-01-30
C0496,Michelle de la Hebert,F,24,Casablanca,aimemaury@orange.fr,2025-05-30
C0497,Joséphine Rivière-Huet,F,50,Tanger,qgaudin@hamel.fr,2024-06-19
C0498,Charles Devaux,H,59,Meknès,cphilippe@leblanc.fr,2023-12-25
C0499,Célina Le Grondin,F,56,Marrakech,arnaude64@jacquot.fr,2024-05-17
C0500,Michel Diaz-Descamps,H,20,Meknès,urousseau@club-internet.fr,2024-02-25
C0501,Xavier de Peltier,H,34,Fès,camille80@meunier.com,2023-11-16
C0502,Emmanuel Lemonnier,H,28,Casablanca,nicolas69@club-internet.fr,2024-07-25
C0503,Nathalie Marty,F,35,Oujda,valleenathalie@wanadoo.fr,2025-04-11
C0504,Susanne-Jeannine Clerc,F,32,Casablanca,aimee98@orange.fr,2024-03-13
C0505,François Mathieu du Thomas,H,34,Tanger,oevrard@guilbert.fr,2024-09-08
C0506,Gabriel Camus,H,57,Tanger,frederiquemartins@tele2.fr,2025-03-20
C0507,Catherine Petitjean-David,F,23,Tanger,theodore91@schmitt.fr,2023-09-17
C0508,Océane Vasseur de Perrin,F,41,Meknès,denise41@leclercq.com,2024-07-20
C0509,Madeleine Delannoy,F,37,Marrakech,sylvie86@delattre.net,2024-03-23
C0510,Capucine Regnier,F,60,Meknès,ggauthier@hoareau.org,2025-05-26
C0511,Agnès Grégoire-Wagner,F,49,Agadir,vidalcecile@leroy.fr,2025-01-12
C0512,Théophile Meyer,H,43,Rabat,alecoq@pineau.com,2024-02-07
C0513,Françoise Tessier de la Martin,F,54,Marrakech,gmoreau@free.fr,2024-12-09
C0514,Hortense Legrand Le Guillet,F,36,Rabat,parenteleonore@free.fr,2024-02-18
C0515,Charles de la Antoine,H,36,Agadir,valeriecoste@menard.fr,2023-11-07
C0516,Adèle Le Roux,F,44,Oujda,gregoire11@mallet.com,2025-04-19
C0517,Étienne Fernandes,H,60,Meknès,guilloutheophile@dupuis.fr,2023-08-01
C0518,Henriette Costa de Petitjean,F,44,Casablanca,whumbert@orange.fr,2024-06-12
C0519,Nicole Perrin de la Thierry,F,55,Oujda,paulette44@free.fr,2025-03-03
C0520,Capucine Evrard,F,56,Casablanca,nandre@perez.fr,2023-07-09
C0521,Eugène-Emmanuel Mercier,H,58,Oujda,duponttheodore@yahoo.fr,2024-11-12
C0522,Gabrielle Maillet-Maillot,F,48,Marrakech,xavier58@tele2.fr,2024-08-30
C0523,Alain Poulain-Chartier,H,25,Meknès,edouardmarchand@dubois.fr,2025-02-18
C0524,Grégoire Garnier,H,24,Rabat,nath50@orange.fr,2023-06-19
C0525,Louis Rousset de la Fouquet,H,57,Tanger,cousinsuzanne@sfr.fr,2023-12-12
C0526,Marthe Le Barre,F,40,Casablanca,marinehamel@teixeira.com,2024-08-03
C0527,Guy Le Henry,H,59,Meknès,claude02@martin.com,2023-08-26
C0528,Alix Baudry,F,39,Meknès,lerouxvictor@laposte.net,2023-12-20
C0529,Charles Bertrand,H,52,Marrakech,franckaubert@sfr.fr,2023-12-06
C0530,Emmanuelle Roussel,F,41,Tanger,leducdaniel@brunet.fr,2024-04-12
C0531,Paulette Lejeune,F,31,Rabat,le-rouxanastasie@martineau.net,2023-12-25
C0532,Benoît Valette,H,27,Meknès,kdidier@blanc.com,2024-02-28
C0533,Laure Barbier de Leblanc,F,51,Rabat,odette93@tele2.fr,2024-12-05
C0534,Louise Moreno,F,32,Meknès,bernardbonnet@dbmail.com,2024-08-24
C0535,Guillaume de Buisson,H,55,Agadir,lucy26@tanguy.net,2024-07-29
C0536,Jeannine Ruiz,F,28,Rabat,hetienne@ifrance.com,2025-05-12
C0537,Denis Aubert-Masse,H,20,Meknès,boyerfrancoise@perez.net,2024-08-31
C0538,Laurent Martins,H,44,Rabat,duboismargot@bouygtel.fr,2024-11-18
C0539,Susan Giraud,F,58,Tanger,margaret92@valentin.fr,2024-09-30
C0540,Maurice-Emmanuel Laporte,H,51,Agadir,fournierarnaude@hoarau.net,2024-06-24
C0541,Charlotte Schmitt-Bègue,F,26,Marrakech,rochersusanne@orange.fr,2023-06-17
C0542,Louise Deschamps,F,48,Fès,isaacherve@wanadoo.fr,2024-10-25
C0543,Laurent Martinez,H,28,Marrakech,alex59@noos.fr,2024-09-11
C0544,Benoît Fernandez,H,47,Casablanca,lucdavid@humbert.org,2023-08-05
C0545,Claire Weiss,F,51,Tanger,raymondcarlier@wanadoo.fr,2024-03-31
C0546,Simone Lefort,F,51,Marrakech,marcelbesson@hotmail.fr,2025-03-01
C0547,Olivier Hubert,H,20,Agadir,regnierclaudine@bouygtel.fr,2024-02-25
C0548,Arnaude de Traore,F,46,Oujda,theodore26@free.fr,2025-02-24
C0549,Clémence Barbe de Lagarde,F,52,Rabat,martin11@bourgeois.org,2024-11-14
C0550,Denis de Lopez,H,36,Rabat,fauresylvie@philippe.com,2023-12-29
C0551,Josette Marie,F,45,Tanger,gilleslacombe@voila.fr,2024-04-06
C0552,Jérôme Blanc,H,51,Marrakech,suzannepinto@hotmail.fr,2024-03-20
C0553,Lucas Meyer,H,43,Casablanca,evaillant@hotmail.fr,2025-04-08
C0554,Nicolas Durand,H,49,Marrakech,xdevaux@free.fr,2024-05-21
C0555,Valentine Masse,F,26,Marrakech,christianejacquet@wanadoo.fr,2024-05-09
C0556,Maggie Pruvost-Vasseur,F,30,Tanger,denise13@club-internet.fr,2024-08-13
C0557,Jeannine Gomes,F,21,Agadir,levequephilippine@caron.com,2025-05-08
C0558,Guy Lelièvre,H,56,Agadir,abriand@laposte.net,2025-02-10
C0559,Alain Guibert,H,56,Agadir,camusedith@gmail.com,2023-09-11
C0560,Daniel-Zacharie Gonzalez,H,48,Marrakech,bbegue@gerard.net,2025-04-03
C0561,Gérard Boulay,H,26,Tanger,xdupont@sanchez.com,2023-08-29
C0562,Tristan-Paul Chevalier,H,17,Rabat,cpelletier@roy.com,2025-01-04
C0563,Christophe Andre,H,57,Agadir,emmanuelle47@pinto.com,2025-05-15
C0564,Frédéric Berger,H,52,Oujda,iferreira@hotmail.fr,2024-10-31
C0565,Jules Marin,H,47,Agadir,vincentlanglois@evrard.com,2024-02-26
C0566,Martine Robert,F,46,Fès,svidal@leroy.org,2025-05-02
C0567,Élise Pottier du Gosselin,F,35,Meknès,rivierelucie@sfr.fr,2024-08-07
C0568,Charles du Perrot,H,60,Casablanca,eugene56@pruvost.org,2024-11-18
C0569,Alexandre Pasquier,H,44,Oujda,evrardmarianne@yahoo.fr,2024-07-02
C0570,Emmanuelle Carre,F,45,Fès,alphonsevincent@dupre.com,2024-11-24
C0571,Henriette Le Legrand,F,54,Marrakech,caronjoseph@jacob.com,2023-10-25
C0572,Célina Guérin,F,36,Tanger,albertvalentine@mahe.org,2024-05-11
C0573,Claude de Bernier,F,24,Tanger,leboncecile@blin.fr,2023-07-08
C0574,Lucas Samson,H,36,Fès,suzanne60@voila.fr,2024-08-29
C0575,Virginie Vallée,F,23,Agadir,remyisabelle@rolland.fr,2024-02-22
C0576,Françoise Henry de Fouquet,F,31,Marrakech,etienneparis@wanadoo.fr,2023-07-17
C0577,Gilbert Arnaud de Carre,H,19,Agadir,hdiaz@sfr.fr,2024-01-22
C0578,Zoé Guyon-Dijoux,F,55,Oujda,georges11@orange.fr,2025-01-01
C0579,Émile Lelièvre-Riou,H,26,Tanger,vvallet@legrand.org,2024-05-15
C0580,Valérie de Pereira,F,28,Marrakech,ecoste@ifrance.com,2024-08-30
C0581,Lorraine Morel,F,48,Meknès,vparis@david.fr,2023-11-12
C0582,Sophie Le Gérard,F,35,Meknès,dnicolas@chauvet.fr,2025-01-29
C0583,Honoré Chartier,H,21,Oujda,acohen@martineau.com,2025-04-12
C0584,Philippine Thibault,F,31,Fès,lollivier@besson.net,2024-12-08
C0585,Alexandrie Coulon,F,19,Casablanca,lucy28@orange.fr,2024-05-31
C0586,Renée Moreau,F,47,Meknès,margauxhumbert@blondel.com,2025-05-08
C0587,Laure Lejeune,F,50,Casablanca,benjamin60@noos.fr,2024-04-01
C0588,Emmanuel Chevalier,H,43,Marrakech,drossi@marie.fr,2023-07-15
C0589,Danielle de Barbe,F,39,Oujda,guillaumebrigitte@wanadoo.fr,2023-10-04
C0590,Susanne Bouvet,F,18,Oujda,sabine17@voila.fr,2024-11-17
C0591,Michel Blondel-Ruiz,H,52,Fès,sde-oliveira@goncalves.fr,2024-06-04
C0592,Zoé Albert,F,51,Agadir,lucas36@tiscali.fr,2024-11-17
C0593,Julien Bailly,H,40,Meknès,fourniercolette@briand.fr,2023-10-11
C0594,Audrey Blanchet Le Perret,F,55,Rabat,salmonmadeleine@sfr.fr,2023-07-22
C0595,Robert Bertrand de Chauvin,H,22,Oujda,thomasmartin@tiscali.fr,2025-01-07
C0596,Thérèse Leclercq Le Menard,F,37,Tanger,ugros@hotmail.fr,2024-12-08
C0597,Daniel-Louis Joubert,H,28,Oujda,manon57@joseph.com,2023-06-13
C0598,Guillaume Ribeiro-Buisson,H,18,Casablanca,petitjeancorinne@wanadoo.fr,2024-12-17
C0599,Jean Sanchez-Hebert,H,37,Meknès,ybarthelemy@germain.com,2025-03-03
C0600,Anouk Chauvin,F,25,Marrakech,bourdonjulien@imbert.fr,2023-06-21
C0601,Marcelle-Diane Huet,F,55,Tanger,renele-goff@gros.com,2023-12-01
C0602,Édouard Delahaye,H,41,Agadir,valletdenise@club-internet.fr,2025-03-12
C0603,Margaud Salmon,F,48,Meknès,edith86@merle.org,2023-11-13
C0604,Valentine Foucher,F,46,Casablanca,guycarlier@dbmail.com,2023-07-16
C0605,Manon Le Guibert,F,37,Rabat,legercharles@laposte.net,2024-03-22
C0606,Agnès Petitjean,F,53,Agadir,laurentherve@bourgeois.com,2023-10-20
C0607,Thibault Roux de Reynaud,H,54,Meknès,kraymond@boulanger.com,2024-05-03
C0608,Aurélie Lemaire de Guilbert,F,57,Fès,ericmarechal@noos.fr,2024-11-09
C0609,Olivier Martins,H,53,Meknès,simonerousseau@bouygtel.fr,2025-05-22
C0610,Stéphane Martins,H,49,Oujda,mathildeweiss@tele2.fr,2025-01-19
C0611,Paul Mahe-Bazin,H,59,Fès,prevostjeanne@voila.fr,2024-09-17
C0612,Matthieu Faure,H,52,Rabat,alphonseferrand@techer.com,2024-08-03
C0613,Raymond Guérin,H,17,Meknès,qrocher@wanadoo.fr,2025-02-07
C0614,Jacqueline Didier de Tessier,F,42,Marrakech,robertgillet@free.fr,2024-12-11
C0615,Nicole-Bernadette Traore,F,60,Fès,clemence71@morel.com,2024-12-17
C0616,Valentine Roussel,F,48,Meknès,audreylaporte@live.com,2023-10-02
C0617,Stéphane Roux,H,24,Fès,ythierry@pons.com,2023-08-14
C0618,Maggie Perrin,F,58,Meknès,alphonse58@dbmail.com,2025-05-24
C0619,Élodie Adam-Roy,F,36,Marrakech,ifouquet@gmail.com,2024-12-03
C0620,Christine Jean,F,50,Tanger,julienbonneau@laroche.com,2025-03-19
C0621,Pauline Morvan,F,59,Agadir,irodrigues@legrand.com,2023-08-02
C0622,Jacqueline Mahe-Labbé,F,28,Fès,christinegregoire@roger.com,2024-03-24
C0623,Virginie Ferrand,F,51,Agadir,gabrielleteixeira@voila.fr,2023-09-03
C0624,David Roger,H,35,Agadir,remynicole@dbmail.com,2025-02-04
C0625,Laurent Mary,H,60,Meknès,gilles09@michel.com,2024-11-07
C0626,Jeannine Lebrun,F,46,Tanger,alfred41@wagner.com,2025-03-12
C0627,Élisabeth de la Diaz,F,34,Rabat,xdiaz@free.fr,2024-12-20
C0628,Anaïs du Valentin,F,41,Tanger,michellejeune@gerard.fr,2024-05-24
C0629,Paul Fernandez du Morel,H,34,Casablanca,irolland@club-internet.fr,2024-10-24
C0630,Claire Normand-Hoareau,F,21,Tanger,dparent@durand.fr,2023-06-12
C0631,Margaux Grenier,F,57,Agadir,fauremaggie@yahoo.fr,2024-07-31
C0632,Catherine Mallet,F,29,Fès,bnoel@yahoo.fr,2024-08-01
C0633,Hortense Lucas,F,51,Agadir,yves88@laine.fr,2025-05-29
C0634,Hugues Lacroix-Legrand,H,22,Fès,olivie68@fischer.com,2023-08-12
C0635,Gilbert Gay-Bigot,H,19,Fès,faurechristelle@martin.fr,2024-12-19
C0636,Joseph Raymond-Pineau,H,19,Rabat,etiennepotier@dbmail.com,2024-06-13
C0637,Renée Lemaire,F,37,Meknès,wcarre@noos.fr,2024-11-15
C0638,Zacharie Maillard,H,59,Marrakech,hoarauagathe@royer.fr,2025-03-08
C0639,Christophe Briand du Petit,H,51,Marrakech,zblondel@roux.org,2024-06-28
C0640,Manon Blanchard,F,57,Meknès,qmathieu@voila.fr,2025-05-24
C0641,Noémi Philippe,F,57,Fès,omillet@brunet.net,2024-10-13
C0642,Sylvie-Anaïs Arnaud,F,36,Agadir,isaac73@voila.fr,2024-05-17
C0643,Franck-Alexandre Robin,H,21,Fès,mathildeneveu@live.com,2023-11-22
C0644,Léon Laroche,H,27,Oujda,colletmarguerite@club-internet.fr,2025-01-23
C0645,Richard de la Ledoux,H,18,Oujda,marinedelmas@yahoo.fr,2024-01-10
C0646,Madeleine Ferrand,F,27,Agadir,matthieucolin@samson.fr,2025-02-21
C0647,Hugues Chauvin,H,16,Agadir,qpottier@lefort.net,2023-07-15
C0648,Émile Breton-Maillet,H,37,Agadir,cguillot@colin.fr,2024-10-05
C0649,Gabrielle Aubry,F,57,Meknès,guilbertgenevieve@maillet.com,2023-10-20
C0650,Richard-Jacques Paris,H,48,Meknès,caroline68@richard.fr,2023-06-08
C0651,Margaud Charles,F,28,Rabat,xcarre@sfr.fr,2024-03-19
C0652,Margot du De Sousa,F,26,Meknès,margaudmorel@gauthier.com,2023-09-20
C0653,Françoise Albert,F,27,Casablanca,theresebouchet@lagarde.com,2024-06-12
C0654,Anne Peltier-Fabre,F,34,Fès,charlotte38@perrier.fr,2025-01-11
C0655,Gabriel Millet du Bigot,H,55,Oujda,wdos-santos@wanadoo.fr,2023-11-16
C0656,Susan Dufour,F,48,Tanger,remymichel@club-internet.fr,2024-04-14
C0657,William Le Allard,H,41,Rabat,wbenard@sfr.fr,2024-07-01
C0658,Daniel Gonzalez,H,24,Meknès,henri09@tiscali.fr,2024-08-22
C0659,Danielle Gilles,F,31,Casablanca,arnaude58@ifrance.com,2024-04-13
C0660,Adrienne Guillet,F,40,Fès,alexandrialeclerc@tiscali.fr,2024-11-07
C0661,Alice Mercier,F,33,Tanger,huguesmenard@raymond.fr,2024-11-08
C0662,Claudine Allain,F,53,Casablanca,luce95@ifrance.com,2024-09-13
C0663,Stéphanie Morvan,F,57,Tanger,opotier@wanadoo.fr,2023-06-19
C0664,André Costa,H,19,Rabat,pmarchal@torres.com,2024-09-19
C0665,Alexandrie Becker,F,35,Marrakech,sebastien76@free.fr,2023-08-02
C0666,Luce Leblanc,F,59,Agadir,merleceline@hotmail.fr,2023-11-26
C0667,Grégoire du Léger,H,56,Agadir,umonnier@sfr.fr,2023-10-31
C0668,Anastasie Joseph,F,55,Fès,augustinmaillard@lejeune.com,2025-03-30
C0669,Alphonse Dufour,H,24,Meknès,blanchetphilippe@sfr.fr,2024-10-06
C0670,Richard Diaz,H,45,Tanger,timotheegermain@vidal.fr,2024-08-03
C0671,Anouk Jacques,F,60,Meknès,francois05@loiseau.com,2024-02-22
C0672,Jacques-David Morvan,H,31,Rabat,sleconte@herve.com,2024-11-25
C0673,Sophie Collet-Peron,F,49,Tanger,valerieaubert@descamps.fr,2024-06-14
C0674,Isaac Boulanger,H,52,Rabat,goncalvesolivier@collin.com,2024-01-10
C0675,Roland de Bazin,H,51,Fès,margaud12@leleu.com,2025-04-14
C0676,Thomas Maréchal de Lemaître,H,26,Tanger,lgilbert@benoit.fr,2024-04-22
C0677,Inès Bertin,F,23,Fès,claire29@tele2.fr,2023-12-10
C0678,Paulette Mercier,F,21,Meknès,maggie51@ifrance.com,2023-07-28
C0679,Jérôme Leconte,H,45,Marrakech,rantoine@orange.fr,2024-02-03
C0680,Céline Wagner,F,45,Casablanca,maillarddominique@sfr.fr,2025-01-16
C0681,Clémence de Guyot,F,59,Agadir,thierrymartins@carpentier.org,2025-01-25
C0682,Grégoire Gauthier,H,41,Agadir,qmunoz@club-internet.fr,2025-03-03
C0683,Rémy-Léon Ledoux,H,29,Rabat,pottierlouise@tiscali.fr,2025-03-24
C0684,Arthur Delannoy-Roger,H,43,Tanger,poirierisaac@morin.com,2024-12-23
C0685,Richard Gaudin,H,50,Casablanca,duboisbrigitte@live.com,2025-05-11
C0686,Émile Alexandre,H,46,Casablanca,oetienne@breton.com,2024-04-26
C0687,Jeannine Vallée,F,42,Marrakech,da-costaines@free.fr,2024-01-05
C0688,Benjamin Carlier-Nguyen,H,57,Oujda,alainnicolas@moreno.fr,2023-11-03
C0689,Maggie-Antoinette Da Silva,F,40,Meknès,charles45@roux.org,2024-12-30
C0690,Geneviève du Chevalier,F,40,Rabat,michellebonnin@dbmail.com,2023-07-23
C0691,Yves Colin-Blanchet,H,57,Tanger,bertinmanon@roy.fr,2025-02-06
C0692,Pierre Imbert,H,27,Oujda,gillesrocher@charles.com,2025-03-13
C0693,Philippe Schmitt,H,30,Casablanca,alexleger@lemoine.com,2023-12-17
C0694,Alexandre Rousseau,H,35,Meknès,prevostanastasie@yahoo.fr,2024-08-07
C0695,Agnès Maury,F,50,Oujda,jean70@voila.fr,2023-06-29
C0696,Antoine Mathieu du Da Costa,H,31,Meknès,camilledumas@yahoo.fr,2024-12-25
C0697,Nath Petit,F,25,Agadir,yvidal@lebrun.fr,2024-12-14
C0698,Franck Costa du Guichard,H,23,Casablanca,genevieve78@mace.fr,2024-10-09
C0699,Joséphine Humbert-Marty,F,55,Casablanca,ymace@ruiz.com,2025-05-06
C0700,Grégoire Lefèvre,H,29,Rabat,chantal98@jean.fr,2024-07-20
C0701,François Prévost du Teixeira,H,54,Casablanca,henriettepoulain@orange.fr,2024-10-06
C0702,Catherine-Dominique Hernandez,F,54,Casablanca,margot70@yahoo.fr,2023-11-09
C0703,Auguste Philippe,H,18,Oujda,alex06@martins.com,2025-04-21
C0704,Claudine Jourdan,F,30,Fès,ponsraymond@sauvage.fr,2023-09-26
C0705,Roland Masson de la Turpin,H,24,Agadir,luce36@wanadoo.fr,2024-06-02
C0706,David-Robert Boyer,H,52,Tanger,navarronicolas@free.fr,2025-02-26
C0707,Adrienne Pottier,F,31,Agadir,ublanchard@brun.net,2023-09-07
C0708,Joseph du Leroy,H,58,Fès,xde-oliveira@tele2.fr,2024-06-03
C0709,Aimée Lemaître,F,35,Agadir,simonegros@laposte.net,2025-04-19
C0710,Tristan Antoine,H,51,Marrakech,aevrard@toussaint.org,2025-02-26
C0711,Michelle Lebreton,F,51,Meknès,allainvalentine@laposte.net,2024-06-18
C0712,Georges Laroche,H,38,Oujda,seguinmarcelle@laporte.com,2025-04-19
C0713,Renée Pons,F,60,Oujda,xclement@noel.com,2023-10-16
C0714,Hortense du Philippe,F,25,Agadir,madeleine42@orange.fr,2025-03-08
C0715,Marthe Gallet,F,27,Meknès,claudine16@ifrance.com,2024-11-24
C0716,Émile Leroy,H,30,Agadir,dupontedith@bouvet.com,2024-03-27
C0717,François du Leduc,H,45,Casablanca,legrandvirginie@free.fr,2024-07-19
C0718,Caroline Faivre,F,42,Marrakech,vmartinez@chauveau.fr,2024-09-21
C0719,Manon Durand,F,31,Agadir,boulayanais@leclercq.net,2024-11-19
C0720,David Gillet,H,37,Rabat,garnierjerome@colas.com,2025-01-14
C0721,Sylvie de la Neveu,F,39,Rabat,jacques28@dubois.com,2025-02-25
C0722,Gilles Paul,H,19,Agadir,lbazin@rousseau.com,2024-01-01
C0723,Josette Rocher,F,59,Casablanca,valentinpenelope@potier.fr,2023-08-22
C0724,Alain Boucher du Mary,H,28,Fès,margueriteboulanger@laine.com,2023-08-29
C0725,Charlotte de la Perrot,F,29,Tanger,ofabre@neveu.com,2024-11-29
C0726,Corinne Besnard,F,16,Fès,andrefournier@picard.com,2025-03-24
C0727,Gérard Martel-Petit,H,23,Meknès,constanceguichard@besson.fr,2024-08-24
C0728,Éric de la Diaz,H,60,Fès,penelopemarechal@tele2.fr,2024-05-17
C0729,Inès Nguyen,F,31,Tanger,tbouchet@blin.com,2025-01-19
C0730,Marianne Vaillant,F,40,Meknès,lambertremy@courtois.net,2023-11-22
C0731,Michèle Leroy,F,35,Agadir,guerinodette@briand.com,2023-08-25
C0732,Élise Garcia,F,48,Meknès,lucealbert@sfr.fr,2024-10-13
C0733,Claire Vallée,F,22,Meknès,carliercaroline@robin.net,2024-05-23
C0734,Pauline Reynaud-Langlois,F,29,Tanger,wagneragathe@carpentier.com,2024-05-18
C0735,Caroline-Aimée Fleury,F,42,Casablanca,mauriceweiss@hardy.org,2024-08-04
C0736,Marc Martins,H,25,Casablanca,ntecher@hamon.fr,2024-12-30
C0737,Maggie Bouvet,F,51,Oujda,victoire26@lefebvre.com,2025-01-13
C0738,Zoé de la Bonnet,F,25,Fès,suzanne24@club-internet.fr,2025-04-09
C0739,Françoise Bernier de la Laroche,F,30,Oujda,claudinele-gall@rossi.net,2025-01-31
C0740,Julien Dupont,H,47,Tanger,sabine62@orange.fr,2023-09-26
C0741,Jacqueline Gauthier-Blanc,F,47,Meknès,benjaminschneider@yahoo.fr,2025-02-16
C0742,Stéphanie Lemaire,F,26,Tanger,jde-sousa@jourdan.com,2024-06-29
C0743,Jérôme du Laroche,H,24,Meknès,xavierlegrand@dbmail.com,2024-02-08
C0744,Alain Jacques,H,50,Casablanca,tristanhernandez@carlier.com,2024-07-19
C0745,François Lacombe,H,20,Casablanca,stephanie77@pons.com,2023-07-08
C0746,Emmanuel Vallée,H,42,Marrakech,nicole16@laporte.fr,2024-11-01
C0747,Honoré-René Georges,H,20,Marrakech,leonlefevre@peltier.org,2024-09-16
C0748,Grégoire Michel,H,29,Meknès,jeannine87@live.com,2025-03-10
C0749,Hortense Gay,F,19,Meknès,joseph03@picard.com,2023-11-15
C0750,Jacqueline de la Fournier,F,17,Casablanca,ndos-santos@clerc.net,2023-06-19
C0751,Sabine du Jourdan,F,16,Casablanca,tcourtois@lacombe.com,2025-05-11
C0752,Suzanne Gérard,F,50,Agadir,lorrainepons@yahoo.fr,2025-04-06
C0753,Victor Lemaître,H,48,Oujda,zboulay@bouvet.net,2024-12-31
C0754,Paul Imbert de Étienne,H,22,Rabat,fcoste@reynaud.net,2024-02-24
C0755,Roland Chevalier,H,31,Fès,kpascal@pichon.fr,2024-10-08
C0756,Anastasie Garnier,F,38,Agadir,victor25@barre.com,2024-01-02
C0757,Adélaïde Moulin,F,21,Tanger,luc38@andre.fr,2024-01-03
C0758,Anaïs-Pénélope Pires,F,45,Fès,dolivier@albert.fr,2024-03-03
C0759,Daniel Payet,H,35,Rabat,rouxmargot@orange.fr,2025-05-02
C0760,Éric Auger,H,21,Oujda,ledouxgenevieve@tiscali.fr,2024-02-14
C0761,Renée Brun Le Bailly,F,40,Meknès,edith25@noos.fr,2023-12-18
C0762,François Legros de Lesage,H,56,Casablanca,elaunay@perret.org,2025-04-29
C0763,Henri-Victor Bernier,H,21,Meknès,ycamus@jean.com,2025-03-19
C0764,Charlotte-Olivie Hervé,F,57,Tanger,christellegarnier@lombard.net,2023-09-15
C0765,Roland de Barbier,H,49,Casablanca,arnaudbertrand@dbmail.com,2024-04-19
C0766,Gabriel Gaillard,H,29,Meknès,fernandespauline@pasquier.org,2025-04-24
C0767,Élodie Cordier,F,18,Rabat,xde-sousa@chauvet.org,2025-03-17
C0768,Anaïs Fernandez-Gomes,F,50,Casablanca,ugerard@laposte.net,2024-01-10
C0769,Patrick Lebreton,H,36,Casablanca,mhumbert@georges.fr,2024-01-13
C0770,Georges Boucher,H,53,Marrakech,claude70@grondin.com,2023-11-11
C0771,Philippine Lebon Le Guillou,F,20,Agadir,fouchercharlotte@simon.net,2025-03-15
C0772,Guy Germain,H,52,Fès,lhamel@sfr.fr,2024-10-09
C0773,Capucine Legendre,F,59,Tanger,ymichaud@tele2.fr,2023-08-29
C0774,Alix de la Jacques,F,24,Rabat,nath21@gauthier.org,2025-05-09
C0775,Françoise Coulon,F,19,Rabat,dchevallier@tiscali.fr,2024-12-28
C0776,Frédérique Martin,F,30,Rabat,rene53@free.fr,2024-07-09
C0777,Valentine Peron,F,54,Oujda,theodoregallet@laposte.net,2025-02-19
C0778,Dominique-Maryse Petit,F,17,Agadir,bigotisaac@bouygtel.fr,2024-03-19
C0779,Jeannine Delannoy,F,47,Fès,fledoux@marie.com,2024-01-25
C0780,Adrienne Bouvet,F,51,Oujda,christelleimbert@hotmail.fr,2024-05-25
C0781,Margaret-Céline Fournier,F,27,Oujda,fdenis@free.fr,2023-08-06
C0782,Sébastien Fontaine,H,55,Agadir,le-rouxbrigitte@pineau.org,2023-11-23
C0783,Laurent Jacob,H,20,Rabat,bonnetalice@leblanc.com,2024-09-08
C0784,Arnaude-Valérie Gonzalez,F,25,Oujda,lorraineteixeira@riviere.fr,2024-04-20
C0785,Luc Pierre,H,40,Tanger,vleger@gmail.com,2024-10-19
C0786,Hortense Rocher,F,22,Rabat,marianne23@mary.fr,2024-05-08
C0787,Roger Henry,H,35,Meknès,legrandalphonse@petitjean.fr,2024-06-17
C0788,Joséphine Legros-Andre,F,33,Rabat,richard34@bouygtel.fr,2023-08-15
C0789,René du Blanchet,H,21,Marrakech,slopes@sfr.fr,2024-08-01
C0790,Alix Pascal,F,44,Oujda,adrien39@charles.fr,2025-03-30
C0791,Eugène Rodriguez,H,17,Rabat,menardanouk@tiscali.fr,2023-06-19
C0792,Paulette Garcia,F,51,Rabat,rolandsamson@noos.fr,2024-10-15
C0793,Clémence Gilles-Bailly,F,40,Casablanca,kneveu@navarro.net,2024-12-06
C0794,Hortense David,F,42,Oujda,constancedelaunay@robin.com,2023-08-28
C0795,Thibaut de la Chevalier,H,51,Fès,theresejean@lejeune.fr,2023-08-15
C0796,André Parent,H,59,Oujda,josephineriou@lacroix.net,2024-02-09
C0797,Henri-André Adam,H,24,Agadir,descampshenri@coste.com,2023-07-14
C0798,Anouk Menard de la Tanguy,F,33,Meknès,lgaudin@voila.fr,2024-04-12
C0799,Maurice Lefèvre,H,20,Marrakech,marinmaggie@orange.fr,2023-11-21
C0800,Célina Martins,F,33,Oujda,aurelie19@guerin.com,2023-07-19
C0801,Lucy Denis,F,46,Rabat,hortensemorin@free.fr,2024-11-26
C0802,Célina Pons,F,32,Fès,tanguymanon@free.fr,2025-01-04
C0803,Pauline-Marie Morin,F,54,Fès,ngarcia@chauvin.fr,2024-09-23
C0804,Constance Foucher,F,22,Marrakech,elisabethchevallier@gmail.com,2025-02-04
C0805,Marcelle-Marcelle Teixeira,F,16,Oujda,simone57@voisin.fr,2024-02-11
C0806,Jeannine Lévy-Boucher,F,55,Oujda,olelievre@michel.com,2024-03-10
C0807,Aurore Mercier,F,44,Tanger,thibautseguin@bouchet.net,2024-01-27
C0808,Agnès Blondel,F,57,Marrakech,anastasie44@live.com,2025-04-18
C0809,Isabelle Lamy-Gaudin,F,36,Fès,michel13@perret.com,2024-07-02
C0810,Aimée Rossi,F,36,Marrakech,jeanninemillet@boulanger.com,2024-12-13
C0811,Simone Bourgeois du Teixeira,F,36,Agadir,annedijoux@free.fr,2024-06-04
C0812,Margot Masse,F,52,Fès,dijouxlouis@ifrance.com,2024-01-10
C0813,Christine-Adélaïde Guilbert,F,40,Agadir,sfleury@sfr.fr,2024-09-03
C0814,Arnaude de la Guillaume,F,39,Rabat,qadam@garcia.com,2023-12-20
C0815,Noël Barre,H,53,Marrakech,dlaroche@paris.com,2024-02-14
C0816,Michel Guyot,H,45,Fès,marine41@tele2.fr,2024-08-10
C0817,Philippine Hardy,F,34,Rabat,paul23@bruneau.fr,2024-10-03
C0818,Alex du Chevalier,F,59,Meknès,antoinette64@ifrance.com,2023-10-07
C0819,Jérôme-Alphonse Vincent,H,56,Agadir,ogomes@martins.fr,2025-04-04
C0820,Guillaume Bonneau du Guillou,H,32,Marrakech,bonnetdaniel@tele2.fr,2025-04-12
C0821,Margaud de Blondel,F,40,Rabat,isaac18@germain.com,2024-03-17
C0822,Céline Guillon,F,54,Meknès,maryseguillet@free.fr,2025-01-09
C0823,Manon-Aurélie Wagner,F,50,Oujda,arnaudelefort@chartier.fr,2024-03-30
C0824,Christophe-Georges Dupuy,H,39,Rabat,buissonvictoire@grenier.com,2024-12-30
C0825,Laurent Normand,H,31,Tanger,anne72@laposte.net,2024-07-13
C0826,Emmanuel-Philippe Allain,H,57,Casablanca,vbarre@voila.fr,2025-05-24
C0827,Philippine Jean,F,37,Oujda,wriviere@dumas.fr,2024-03-06
C0828,Patrick Chauvet-Dumont,H,16,Rabat,astridturpin@besson.fr,2025-05-03
C0829,Suzanne Chauveau,F,30,Fès,guillaumejacob@tiscali.fr,2024-11-27
C0830,Agnès Le Maillet,F,39,Oujda,jeanne13@tele2.fr,2024-04-18
C0831,Capucine Gonzalez,F,59,Marrakech,marchalwilliam@club-internet.fr,2024-07-15
C0832,Philippine-Margot Laroche,F,17,Meknès,maggie24@texier.com,2024-04-15
C0833,Marcel Boulay,H,34,Oujda,bernardbailly@orange.fr,2025-04-27
C0834,Jérôme Ruiz,H,23,Marrakech,rlaurent@boulanger.fr,2025-06-01
C0835,Marguerite-Virginie Allain,F,35,Tanger,elodiedelaunay@guyon.fr,2024-09-26
C0836,Valentine de Vincent,F,29,Meknès,alexandrie77@wanadoo.fr,2025-05-20
C0837,Pénélope Lefebvre,F,46,Rabat,weissaime@wanadoo.fr,2025-03-26
C0838,Claude Bonnin-Perrot,F,60,Meknès,maggiemarty@parent.net,2024-01-11
C0839,Claire Huet,F,20,Agadir,christophepascal@dbmail.com,2024-04-24
C0840,Vincent Albert,H,23,Casablanca,etiennegosselin@club-internet.fr,2023-11-15
C0841,Michelle Leclerc-Gauthier,F,57,Rabat,dpottier@tele2.fr,2024-10-26
C0842,Guy-Alain Merle,H,31,Marrakech,oceanevalette@dbmail.com,2025-05-07
C0843,Patrick Perrot,H,37,Oujda,martineaurene@orange.fr,2025-01-27
C0844,Diane Hervé Le Martins,F,30,Oujda,kjourdan@vallee.fr,2023-08-06
C0845,Arthur Jacob-Marty,H,27,Oujda,capucinemorel@mace.com,2024-06-10
C0846,Céline Rossi,F,17,Fès,zlebreton@ifrance.com,2024-06-09
C0847,Juliette Riou,F,53,Oujda,tlebon@tele2.fr,2024-10-04
C0848,Constance Mendès-Prévost,F,16,Fès,matthieu51@dbmail.com,2023-07-04
C0849,Alfred Chrétien,H,33,Rabat,veronique06@colin.com,2025-03-11
C0850,Timothée Pruvost,H,50,Marrakech,ferreiramargaret@dbmail.com,2025-04-04
C0851,Constance Thibault de la Menard,F,36,Fès,dorothee64@bouygtel.fr,2024-11-06
C0852,Marthe Prévost de la Tessier,F,23,Agadir,penelopepoulain@cousin.org,2025-03-15
C0853,Agathe Robert du David,F,49,Tanger,mweber@wanadoo.fr,2024-03-22
C0854,Alexandrie Ferrand-Rossi,F,55,Oujda,denis08@marechal.org,2024-01-28
C0855,Augustin Traore-Gros,H,38,Tanger,ovidal@wanadoo.fr,2024-07-22
C0856,Antoinette Benard,F,55,Marrakech,andree81@de.com,2024-03-11
C0857,Pauline Jacquet,F,55,Rabat,ulegros@chevallier.fr,2023-11-10
C0858,Michel Guillet,H,36,Rabat,julie72@bouygtel.fr,2025-02-03
C0859,Gabriel Voisin,H,35,Rabat,nicolasgilbert@ifrance.com,2024-10-25
C0860,Franck Cohen,H,39,Marrakech,william65@club-internet.fr,2024-10-28
C0861,Thérèse Guilbert,F,42,Marrakech,chauveaumichele@bailly.fr,2024-12-13
C0862,Anne Leblanc Le Blanchet,F,43,Marrakech,alex62@blanc.com,2024-06-22
C0863,Henriette Weber,F,56,Marrakech,claude80@briand.fr,2025-02-14
C0864,Honoré Le Gall,H,47,Agadir,pbarre@julien.com,2024-10-05
C0865,Étienne Le Charrier,H,27,Tanger,durandastrid@rolland.org,2023-07-27
C0866,Jeanne Lévy,F,55,Casablanca,odettegilles@regnier.com,2024-11-10
C0867,Mathilde Bousquet,F,16,Meknès,margotpasquier@sfr.fr,2025-01-09
C0868,Charles Carpentier,H,28,Oujda,anastasie74@perrier.com,2023-08-29
C0869,Célina Gonzalez,F,42,Meknès,lorraine16@gilles.fr,2024-06-14
C0870,Odette Bouvet,F,44,Meknès,alphonsebourdon@brunel.fr,2023-08-26
C0871,Emmanuel Gauthier Le Brunel,H,21,Casablanca,teixeiramargaret@wagner.net,2023-08-24
C0872,Guy Clerc,H,34,Casablanca,bernierfranck@bonnet.fr,2024-05-14
C0873,Sylvie Loiseau,F,30,Agadir,guillaumefrancois@tele2.fr,2024-12-15
C0874,Bernard Roux,H,45,Meknès,fbouvet@bouygtel.fr,2025-01-11
C0875,Alexandre Lagarde,H,52,Rabat,eleonoredelmas@noos.fr,2023-11-23
C0876,Céline Andre,F,50,Tanger,marcelle22@hotmail.fr,2024-02-18
C0877,Thibaut Picard,H,44,Fès,igregoire@regnier.org,2025-05-19
C0878,Josette Rousseau,F,22,Fès,legerlaurence@voila.fr,2025-04-20
C0879,Corinne Parent,F,18,Meknès,sylvie08@hotmail.fr,2025-04-10
C0880,Claudine Paul,F,38,Rabat,rbousquet@tele2.fr,2024-05-24
C0881,Lorraine de Gilbert,F,23,Fès,raymondalbert@tele2.fr,2023-06-11
C0882,Nicolas Prévost Le Dias,H,53,Tanger,xaviermarchal@tele2.fr,2023-06-12
C0883,Céline Peron,F,26,Marrakech,giraudgabriel@schmitt.fr,2024-10-06
C0884,Timothée Aubert,H,29,Casablanca,sabinelegrand@gmail.com,2024-02-01
C0885,Laurence Becker de la Marion,F,50,Agadir,pauletteweber@gillet.fr,2024-04-08
C0886,Jules du Vallée,H,36,Agadir,daniellemichel@jacquet.org,2024-08-02
C0887,Laetitia Monnier,F,52,Agadir,madeleine56@tiscali.fr,2025-04-20
C0888,Thibault Diallo,H,24,Oujda,colettebourgeois@free.fr,2024-01-06
C0889,Alfred-Jacques Moreau,H,33,Marrakech,morinaudrey@gmail.com,2025-04-01
C0890,Gilles Mallet,H,31,Marrakech,margaux78@voila.fr,2023-08-26
C0891,Michèle Lemoine,F,31,Oujda,frederiquevallet@leconte.com,2023-08-25
C0892,Christine Roux-Leduc,F,25,Agadir,monnierastrid@foucher.org,2025-05-10
C0893,Antoinette Julien,F,40,Meknès,girardconstance@peltier.fr,2024-09-01
C0894,Stéphane Aubry-Guillaume,H,56,Rabat,bprevost@bruneau.fr,2023-08-27
C0895,Claude Le Rossi,F,48,Agadir,tristan23@free.fr,2024-05-17
C0896,Margaret Colin-Lévêque,F,45,Meknès,yrenault@free.fr,2024-11-05
C0897,Chantal Bousquet,F,53,Casablanca,marguerite73@muller.com,2024-09-25
C0898,Denis Roche,H,45,Tanger,thibault64@chevallier.fr,2025-02-07
C0899,Louis Diallo,H,50,Oujda,aimeesanchez@peltier.net,2024-09-23
C0900,Henri Vaillant,H,43,Fès,tessierzacharie@ferreira.org,2025-04-09
C0901,Renée Laporte,F,33,Tanger,ltanguy@da.net,2025-03-11
C0902,Colette Rodrigues,F,37,Marrakech,elambert@vaillant.fr,2024-08-11
C0903,Marguerite Bonnin,F,37,Casablanca,audreymarie@marechal.com,2025-05-13
C0904,Maurice Blin,H,22,Meknès,kpires@gauthier.fr,2025-05-08
C0905,François Besnard,H,23,Marrakech,nathalieauger@laroche.net,2024-09-25
C0906,Aurore Loiseau,F,45,Casablanca,alfred93@parent.fr,2023-10-16
C0907,Brigitte Ferreira,F,28,Marrakech,jdelannoy@tiscali.fr,2024-08-02
C0908,Véronique Couturier,F,26,Agadir,gregoirecelina@free.fr,2024-12-03
C0909,Yves Le Ramos,H,57,Tanger,jeanne07@michel.fr,2024-01-28
C0910,Suzanne Gay,F,21,Tanger,zsimon@hotmail.fr,2024-05-20
C0911,Honoré-Sébastien Lucas,H,19,Oujda,vincentjulie@durand.com,2024-06-05
C0912,Adélaïde Giraud,F,60,Fès,alain37@voila.fr,2023-09-01
C0913,Joséphine Blondel,F,57,Rabat,christiane48@chretien.fr,2024-05-19
C0914,Matthieu Maillard-Pineau,H,16,Fès,eleonore56@aubert.com,2024-09-30
C0915,Juliette Blanc-Laine,F,20,Marrakech,buissonthomas@yahoo.fr,2024-08-09
C0916,Noël de la Dumas,H,49,Meknès,blotchristelle@peron.com,2025-03-25
C0917,Timothée Vincent du Pages,H,16,Tanger,philippineremy@laposte.net,2024-10-21
C0918,Antoine Fischer,H,43,Marrakech,julienmargot@dias.com,2024-09-25
C0919,Michelle Michel,F,20,Fès,bertinaime@grondin.com,2023-06-27
C0920,Anaïs Gillet-Buisson,F,21,Rabat,leroychristophe@marechal.com,2025-01-20
C0921,Maurice Chevalier,H,36,Tanger,celina36@free.fr,2025-03-10
C0922,Véronique Fouquet Le Hoarau,F,24,Oujda,ameunier@gmail.com,2024-03-05
C0923,Victor Lamy,H,57,Marrakech,blondelandree@parent.fr,2024-02-02
C0924,Timothée Louis,H,49,Casablanca,rblanchard@dbmail.com,2023-07-13
C0925,Thomas Perrot Le Lagarde,H,44,Tanger,denissusan@guilbert.fr,2024-08-20
C0926,Marc Chevalier,H,56,Marrakech,renee74@orange.fr,2023-07-21
C0927,Marguerite Robert,F,55,Meknès,pauline72@gonzalez.com,2025-04-24
C0928,Alexandre-Honoré Bousquet,H,21,Rabat,cvidal@tiscali.fr,2023-11-21
C0929,Théophile Lejeune,H,23,Oujda,dufourcamille@laposte.net,2023-11-18
C0930,Agnès Pasquier,F,43,Tanger,zpicard@benard.net,2023-08-19
C0931,Robert Tessier Le Besson,H,31,Agadir,margotraymond@raymond.net,2025-03-17
C0932,Aimé Meunier du Guillet,H,31,Agadir,martelchantal@wanadoo.fr,2025-01-12
C0933,Hugues Da Silva,H,58,Agadir,thierry77@laposte.net,2023-12-02
C0934,Marc Guillet,H,49,Fès,manon75@tiscali.fr,2025-05-12
C0935,Joséphine Buisson,F,34,Casablanca,marcellepichon@leveque.com,2024-04-06
C0936,Alphonse de la Meyer,H,47,Oujda,gauthierthibaut@sfr.fr,2024-09-28
C0937,Sébastien Dupuy,H,31,Meknès,celinablot@live.com,2024-01-24
C0938,Adrien-David Monnier,H,49,Casablanca,bertrandjuliette@bigot.fr,2024-08-17
C0939,Renée Maurice,F,36,Marrakech,robertlucy@tiscali.fr,2023-08-30
C0940,Élisabeth Buisson-Guilbert,F,52,Oujda,jpascal@yahoo.fr,2024-01-24
C0941,Françoise Weber,F,50,Marrakech,eugeneleduc@gmail.com,2024-09-30
C0942,Sylvie Gillet,F,20,Casablanca,eperret@blot.fr,2023-10-14
C0943,Thibault Menard,H,16,Agadir,alelievre@tele2.fr,2024-11-16
C0944,Sébastien Legrand,H,18,Casablanca,dufourthibault@yahoo.fr,2025-01-16
C0945,Suzanne Delorme-Lopez,F,48,Agadir,gcarpentier@delahaye.fr,2025-05-18
C0946,Pauline Hamel,F,43,Oujda,lefortpatricia@thibault.org,2024-04-29
C0947,Guy Antoine,H,56,Marrakech,matthieucharpentier@giraud.org,2023-11-01
C0948,Susanne Blanchet,F,21,Agadir,martineledoux@riou.fr,2025-03-19
C0949,Arthur Coulon,H,48,Fès,reynaudnicole@noos.fr,2024-10-06
C0950,Aimé Gomes,H,50,Tanger,carolinehoarau@noos.fr,2024-12-09
C0951,Maryse Voisin,F,53,Rabat,morenogabriel@noos.fr,2025-02-01
C0952,Diane-Manon Bourdon,F,60,Oujda,abouchet@dbmail.com,2024-03-09
C0953,Alexandre Maillot,H,19,Fès,margaretchretien@noos.fr,2025-04-04
C0954,Frédéric Blondel,H,43,Rabat,dianegomes@yahoo.fr,2024-08-08
C0955,Marine Brun,F,55,Casablanca,zbarthelemy@delmas.fr,2024-01-06
C0956,Thérèse Gallet,F,58,Marrakech,jacquotveronique@bouygtel.fr,2024-01-17
C0957,Roger Julien,H,16,Marrakech,omunoz@sfr.fr,2025-05-20
C0958,Tristan Jean-Laurent,H,26,Meknès,oceanejacob@noos.fr,2023-10-31
C0959,Françoise Weber,F,49,Agadir,benoitelodie@tele2.fr,2023-11-20
C0960,Alfred Brunel,H,39,Marrakech,luce54@orange.fr,2024-03-14
C0961,Claire Descamps,F,23,Casablanca,noelmasse@fabre.fr,2023-12-07
C0962,Monique Masse,F,43,Agadir,monnierpaul@sfr.fr,2024-05-05
C0963,Hugues Dijoux du Payet,H,32,Rabat,xdelannoy@gmail.com,2023-10-27
C0964,Henriette Gallet,F,45,Tanger,emmanuellebonnet@marion.com,2024-01-02
C0965,Xavier Da Costa de Hoareau,H,47,Marrakech,susanne90@orange.fr,2024-03-09
C0966,Margaux-Claudine Ferrand,F,26,Agadir,theophilegarcia@marie.fr,2024-03-21
C0967,François de la Nguyen,H,52,Rabat,gberger@live.com,2025-04-25
C0968,Éric-Alfred Joubert,H,48,Casablanca,huetjacqueline@hardy.com,2023-10-09
C0969,Sébastien du Julien,H,16,Fès,ble-gall@boulay.fr,2025-04-10
C0970,François Ruiz,H,46,Tanger,alebrun@wanadoo.fr,2023-06-22
C0971,Chantal Benard,F,25,Marrakech,charlotte32@orange.fr,2024-04-14
C0972,Auguste Chartier,H,51,Oujda,audrey81@ifrance.com,2023-12-04
C0973,Émile Garcia,H,36,Fès,suzannedubois@tele2.fr,2024-11-23
C0974,Louise Laine,F,36,Agadir,dfernandez@laposte.net,2024-02-01
C0975,Thibault-Honoré Ramos,H,52,Tanger,sfleury@tele2.fr,2024-01-16
C0976,Théophile du Millet,H,48,Casablanca,sauger@goncalves.org,2024-04-15
C0977,Isaac Colas,H,30,Casablanca,mgay@humbert.org,2023-06-14
C0978,Geneviève Philippe de Sauvage,F,20,Meknès,genevievecharrier@levy.com,2024-04-25
C0979,Joséphine Boutin,F,35,Tanger,robert71@philippe.com,2025-01-10
C0980,Jules Delattre,H,51,Meknès,mroger@noos.fr,2024-05-16
C0981,Franck Hamel,H,39,Fès,jules52@bouygtel.fr,2023-07-15
C0982,Marianne Bourgeois,F,52,Agadir,nicolegomez@orange.fr,2024-01-06
C0983,Bernard Roy de la Renard,H,45,Tanger,lopezhelene@delattre.net,2024-09-08
C0984,Virginie Monnier,F,28,Fès,gomezalphonse@le.com,2024-07-10
C0985,Édouard Leblanc,H,16,Oujda,hdelahaye@foucher.fr,2025-05-07
C0986,Raymond Coulon-Rodriguez,H,30,Tanger,gilles76@noos.fr,2025-04-11
C0987,Thierry Carpentier,H,37,Casablanca,wrousseau@tiscali.fr,2023-09-24
C0988,Christelle Turpin-Langlois,F,35,Rabat,lucy23@voila.fr,2025-04-05
C0989,Thibaut Jean,H,49,Fès,zoe09@langlois.net,2024-05-16
C0990,Juliette Pereira-Thomas,F,47,Casablanca,inesguibert@maillet.com,2023-08-01
C0991,Philippe-Charles Dias,H,33,Rabat,leroymartine@live.com,2023-12-30
C0992,Eugène-Gilles Rolland,H,30,Oujda,aurore93@joseph.fr,2024-03-23
C0993,Marine-Valérie Leconte,F,45,Rabat,duhamelvalerie@wanadoo.fr,2024-08-19
C0994,Antoine Gay,H,48,Marrakech,lucecharrier@benard.net,2024-09-16
C0995,Corinne Thibault Le Martinez,F,20,Casablanca,ines11@traore.net,2024-06-03
C0996,Élisabeth Munoz-Perrot,F,58,Marrakech,francoisleconte@voila.fr,2024-06-05
C0997,Martin Fontaine de la Buisson,H,34,Agadir,louischauvet@laposte.net,2024-03-15
C0998,Dominique Maillard,F,41,Tanger,texierchristiane@ifrance.com,2024-08-21
C0999,Élodie Colin,F,44,Agadir,clemencelombard@yahoo.fr,2025-02-26
C1000,Thibault Lefort du Olivier,H,20,Fès,aurelieparent@yahoo.fr,2024-06-19
